Workbook

Sheet 2025期功能研发汇总表
A1: OPEX-需求名称 CAPEX-子系统 | B1: 一级模块 | C1: 二级模块 | D1: 三级模块 | E1: 功能过程 | F1: 备注 | G1: 分工 | H1: 功能项 | I1: 研发进展 | J1: 更新日期 | K1: 新菜单路径（v3.8.3） | L1: 功能操作 | M1: 界面截图 | N1: 青海发布 | O1: 青海反馈 | P1: 山东发布 | Q1: 山东反馈 | R1: 吉林发布 | S1: 吉林反馈 | T1: 天津发布 | U1: 天津反馈 | V1: 菜单/路径(完成必填)
A2: 安全风险识别与利用分析 | B2: CPE库管理 | C2: CPE文档基础管理 | D2: CPE文档基础管理 | E2: CPE文档查询 | G2: 蔡云飞 | H2: 合同功能 | I2: 联调完成 | J2: 46091 | K2: 漏洞生命周期管理/产品漏洞管理/CPE文档管理 | L2: 查询按钮 | N2: V3.8.0-beat.1 | O2: 待反馈 | P2: V3.8.0-beat.1 | Q2: 待反馈 | R2: V3.8.0-beat.1 | S2: 待反馈 | T2: V3.8.0-beat.1 | U2: ==VLOOKUP(E2,天津功能清单!E:G,3,FALSE) -> 已交付 | V2: 漏洞生命周期管理/产品漏洞管理/CPE文档管理
E3: CPE文档创建 | G3: 蔡云飞 | H3: 合同功能 | I3: 联调完成 | J3: 46091 | K3: 漏洞生命周期管理/产品漏洞管理/CPE文档管理 | L3: 创建按钮 | N3: V3.7.0(20260312) | O3: 待反馈 | P3: V3.8.0-beat.1 | Q3: 待反馈 | R3: V3.8.0-beat.1 | S3: 待反馈 | T3: V3.8.0-beat.1 | U3: ==VLOOKUP(E3,天津功能清单!E:G,3,FALSE) -> 已发布 | V3: 漏洞生命周期管理/产品漏洞管理/CPE文档管理
E4: CPE文档编辑 | G4: 蔡云飞 | H4: 合同功能 | I4: 联调完成 | J4: 46091 | K4: 漏洞生命周期管理/产品漏洞管理/CPE文档管理 | L4: 编辑按钮 | N4: V3.7.0(20260312) | O4: 待反馈 | P4: V3.8.0-beat.1 | Q4: 待反馈 | R4: V3.8.0-beat.1 | S4: 待反馈 | T4: V3.8.0-beat.1 | U4: ==VLOOKUP(E4,天津功能清单!E:G,3,FALSE) -> 已发布 | V4: 漏洞生命周期管理/产品漏洞管理/CPE文档管理
E5: CPE文档删除 | G5: 蔡云飞 | H5: 合同功能 | I5: 联调完成 | J5: 46091 | K5: 漏洞生命周期管理/产品漏洞管理/CPE文档管理 | L5: 删除按钮 | N5: V3.7.0(20260312) | O5: 待反馈 | P5: V3.8.0-beat.1 | Q5: 待反馈 | R5: V3.8.0-beat.1 | S5: 待反馈 | T5: V3.8.0-beat.1 | U5: ==VLOOKUP(E5,天津功能清单!E:G,3,FALSE) -> 已发布 | V5: 漏洞生命周期管理/产品漏洞管理/CPE文档管理
E6: CPE文档详情查询 | F6: 广东省新增功能 | G6: 蔡云飞 | H6: 合同功能 | I6: 联调完成 | J6: 46091 | K6: 漏洞生命周期管理/产品漏洞管理/CPE文档管理 | L6: 详情查询按钮 | N6: V3.7.0(20260312) | O6: 待反馈 | P6: V3.8.0-beat.1 | Q6: 待反馈 | R6: V3.8.0-beat.1 | S6: 待反馈 | T6: V3.8.0-beat.1 | U6: ==VLOOKUP(E6,天津功能清单!E:G,3,FALSE) -> #N/A | V6: 漏洞生命周期管理/产品漏洞管理/CPE文档管理
E7: CPE文档导入 | G7: 蔡云飞 | H7: 合同功能 | I7: 联调完成 | J7: 46091 | K7: 漏洞生命周期管理/产品漏洞管理/CPE文档管理 | L7: 导入按钮 | N7: V3.7.0(20260312) | O7: 待反馈 | P7: V3.8.0-beat.1 | Q7: 待反馈 | R7: V3.8.0-beat.1 | S7: 待反馈 | T7: V3.8.0-beat.1 | U7: ==VLOOKUP(E7,天津功能清单!E:G,3,FALSE) -> 已发布 | V7: 漏洞生命周期管理/产品漏洞管理/CPE文档管理
E8: CPE文档导出 | G8: 蔡云飞 | H8: 合同功能 | I8: 联调完成 | J8: 46091 | K8: 漏洞生命周期管理/产品漏洞管理/CPE文档管理 | L8: 导出按钮 | N8: V3.7.0(20260312) | O8: 待反馈 | P8: V3.8.0-beat.1 | Q8: 待反馈 | R8: V3.8.0-beat.1 | S8: 待反馈 | T8: V3.8.0-beat.1 | U8: ==VLOOKUP(E8,天津功能清单!E:G,3,FALSE) -> 已发布 | V8: 漏洞生命周期管理/产品漏洞管理/CPE文档管理
C9: CPE数据标准化校验 | D9: CPE数据标准化校验 | E9: CPE数据格式校验 | F9: 广东省删除功能 | G9: 蔡云飞 | H9: 合同功能 | I9: 联调完成 | J9: 46091 | K9: 漏洞生命周期管理/产品漏洞管理/CPE文档管理 | L9: 程序内部自动执行 | N9: V3.7.0(20260312) | O9: 待反馈 | P9: V3.8.0-beat.1 | Q9: 待反馈 | R9: V3.8.0-beat.1 | S9: 待反馈 | T9: V3.8.0-beat.1 | U9: ==VLOOKUP(E9,天津功能清单!E:G,3,FALSE) -> 已发布 | V9: 漏洞生命周期管理/产品漏洞管理/CPE文档管理
B10: VEX文档管理 | C10: VEX文档全生命周期管理 | D10: VEX文档全生命周期管理 | E10: CPE数据格式校验 | G10: 蔡云飞 | H10: 合同功能 | I10: 联调完成 | J10: 46098 | K10: 运营·深耕/产品漏洞与风险识别/VEX生命周期管理 | L10: 下载按钮 | N10: V3.8.0-beat.1 | O10: 待反馈 | P10: V3.8.0-beat.1 | Q10: 待反馈 | R10: V3.8.0-beat.1 | S10: 待反馈 | T10: V3.8.0-beat.1 | U10: ==VLOOKUP(E10,天津功能清单!E:G,3,FALSE) -> 已发布 | V10: 漏洞生命周期管理/VEX基础管理/VEX生命周期管理
E11: CISA VEX文档创建 | G11: 蔡云飞 | H11: 合同功能 | I11: 联调完成 | J11: 46098 | K11: 运营·深耕/产品漏洞与风险识别/VEX生命周期管理 | L11: 新增按钮 | N11: V3.8.0-beat.1 | O11: 待反馈 | P11: V3.8.0-beat.1 | Q11: 待反馈 | R11: V3.8.0-beat.1 | S11: 待反馈 | T11: V3.8.0-beat.1 | U11: ==VLOOKUP(E11,天津功能清单!E:G,3,FALSE) -> 已发布 | V11: 漏洞生命周期管理/VEX基础管理/VEX生命周期管理
E12: CISA VEX文档删除 | G12: 蔡云飞 | H12: 合同功能 | I12: 联调完成 | J12: 46098 | K12: 运营·深耕/产品漏洞与风险识别/VEX生命周期管理 | L12: 删除按钮 | N12: V3.8.0-beat.1 | O12: 待反馈 | P12: V3.8.0-beat.1 | Q12: 待反馈 | R12: V3.8.0-beat.1 | S12: 待反馈 | T12: V3.8.0-beat.1 | U12: ==VLOOKUP(E12,天津功能清单!E:G,3,FALSE) -> 已发布 | V12: 漏洞生命周期管理/VEX基础管理/VEX生命周期管理
E13: CISA VEX文档导入 | G13: 蔡云飞 | H13: 合同功能 | I13: 联调完成 | J13: 46098 | K13: 运营·深耕/产品漏洞与风险识别/VEX生命周期管理 | L13: 导入按钮 | N13: V3.8.0-beat.1 | O13: 待反馈 | P13: V3.8.0-beat.1 | Q13: 待反馈 | R13: V3.8.0-beat.1 | S13: 待反馈 | T13: V3.8.0-beat.1 | U13: ==VLOOKUP(E13,天津功能清单!E:G,3,FALSE) -> 已发布 | V13: 漏洞生命周期管理/VEX基础管理/VEX生命周期管理
E14: CISA VEX文档导出 | G14: 蔡云飞 | H14: 合同功能 | I14: 联调完成 | J14: 46098 | K14: 运营·深耕/产品漏洞与风险识别/VEX生命周期管理 | L14: 导出按钮 | N14: V3.8.0-beat.1 | O14: 待反馈 | P14: V3.8.0-beat.1 | Q14: 待反馈 | R14: V3.8.0-beat.1 | S14: 待反馈 | T14: V3.8.0-beat.1 | U14: ==VLOOKUP(E14,天津功能清单!E:G,3,FALSE) -> 已发布 | V14: 漏洞生命周期管理/VEX基础管理/VEX生命周期管理
E15: CISA VEX文档查看 | G15: 蔡云飞 | H15: 合同功能 | I15: 联调完成 | J15: 46098 | K15: 运营·深耕/产品漏洞与风险识别/VEX生命周期管理 | L15: 查询按钮 | N15: V3.8.0-beat.1 | O15: 待反馈 | P15: V3.8.0-beat.1 | Q15: 待反馈 | R15: V3.8.0-beat.1 | S15: 待反馈 | T15: V3.8.0-beat.1 | U15: ==VLOOKUP(E15,天津功能清单!E:G,3,FALSE) -> 已发布 | V15: 漏洞生命周期管理/VEX基础管理/VEX生命周期管理
E16: CISA VEX文档编辑 | G16: 蔡云飞 | H16: 合同功能 | I16: 联调完成 | J16: 46098 | K16: 运营·深耕/产品漏洞与风险识别/VEX生命周期管理 | L16: 修改按钮 | N16: V3.8.0-beat.1 | O16: 待反馈 | P16: V3.8.0-beat.1 | Q16: 待反馈 | R16: V3.8.0-beat.1 | S16: 待反馈 | T16: V3.8.0-beat.1 | U16: ==VLOOKUP(E16,天津功能清单!E:G,3,FALSE) -> 已发布 | V16: 漏洞生命周期管理/VEX基础管理/VEX生命周期管理
E17: CISA单个VEX文档关联产品 | G17: 蔡云飞 | H17: 合同功能 | I17: 联调完成 | J17: 46098 | K17: 运营·深耕/产品漏洞与风险识别/VEX生命周期管理 | L17: 列表关联查询展示 | N17: V3.8.0-beat.1 | O17: 待反馈 | P17: V3.8.0-beat.1 | Q17: 待反馈 | R17: V3.8.0-beat.1 | S17: 待反馈 | T17: V3.8.0-beat.1 | U17: ==VLOOKUP(E17,天津功能清单!E:G,3,FALSE) -> 已发布 | V17: 漏洞生命周期管理/VEX基础管理/VEX生命周期管理
C18: VEX文档解析展示 | D18: VEX文档解析展示 | E18: 修改基础模板 | G18: 蔡云飞 | H18: 合同功能 | I18: 联调完成 | J18: 46091 | K18: 运营·深耕/产品漏洞与风险识别/VEX文档解析管理 | L18: 修改按钮 | N18: V3.7.0(20260312) | O18: 待反馈 | P18: V3.8.0-beat.1 | Q18: 待反馈 | R18: V3.8.0-beat.1 | S18: 待反馈 | T18: V3.8.0-beat.1 | U18: ==VLOOKUP(E18,天津功能清单!E:G,3,FALSE) -> 已发布 | V18: 漏洞生命周期管理/VEX基础管理/VEX文档解析管理
E19: 删除基础模板 | G19: 蔡云飞 | H19: 合同功能 | I19: 联调完成 | J19: 46091 | K19: 运营·深耕/产品漏洞与风险识别/VEX文档解析管理 | L19: 删除按钮 | N19: V3.7.0(20260312) | O19: 待反馈 | P19: V3.8.0-beat.1 | Q19: 待反馈 | R19: V3.8.0-beat.1 | S19: 待反馈 | T19: V3.8.0-beat.1 | U19: ==VLOOKUP(E19,天津功能清单!E:G,3,FALSE) -> 已发布 | V19: 漏洞生命周期管理/VEX基础管理/VEX文档解析管理
E20: 导入基础模板 | G20: 蔡云飞 | H20: 合同功能 | I20: 联调完成 | J20: 46091 | K20: 运营·深耕/产品漏洞与风险识别/VEX文档解析管理 | L20: 导入按钮 | N20: V3.7.0(20260312) | O20: 待反馈 | P20: V3.8.0-beat.1 | Q20: 待反馈 | R20: V3.8.0-beat.1 | S20: 待反馈 | T20: V3.8.0-beat.1 | U20: ==VLOOKUP(E20,天津功能清单!E:G,3,FALSE) -> 已发布 | V20: 漏洞生命周期管理/VEX基础管理/VEX文档解析管理
E21: 导出基础模板 | G21: 蔡云飞 | H21: 合同功能 | I21: 联调完成 | J21: 46091 | K21: 运营·深耕/产品漏洞与风险识别/VEX文档解析管理 | L21: 导出按钮 | N21: V3.7.0(20260312) | O21: 待反馈 | P21: V3.8.0-beat.1 | Q21: 待反馈 | R21: V3.8.0-beat.1 | S21: 待反馈 | T21: V3.8.0-beat.1 | U21: ==VLOOKUP(E21,天津功能清单!E:G,3,FALSE) -> 已发布 | V21: 漏洞生命周期管理/VEX基础管理/VEX文档解析管理
E22: 查询基础模板 | G22: 蔡云飞 | H22: 合同功能 | I22: 联调完成 | J22: 46091 | K22: 运营·深耕/产品漏洞与风险识别/VEX文档解析管理 | L22: 查询按钮 | N22: V3.7.0(20260312) | O22: 待反馈 | P22: V3.8.0-beat.1 | Q22: 待反馈 | R22: V3.8.0-beat.1 | S22: 待反馈 | T22: V3.8.0-beat.1 | U22: ==VLOOKUP(E22,天津功能清单!E:G,3,FALSE) -> 已发布 | V22: 漏洞生命周期管理/VEX基础管理/VEX文档解析管理
E23: 添加基础模板 | G23: 蔡云飞 | H23: 合同功能 | I23: 联调完成 | J23: 46091 | K23: 运营·深耕/产品漏洞与风险识别/VEX文档解析管理 | L23: 新增按钮 | N23: V3.7.0(20260312) | O23: 待反馈 | P23: V3.8.0-beat.1 | Q23: 待反馈 | R23: V3.8.0-beat.1 | S23: 待反馈 | T23: V3.8.0-beat.1 | U23: ==VLOOKUP(E23,天津功能清单!E:G,3,FALSE) -> 已发布 | V23: 漏洞生命周期管理/VEX基础管理/VEX文档解析管理
C24: VEX合规性自动化检测 | D24: VEX合规性自动化检测 | E24: 问题文档拦截 | G24: 蔡云飞 | H24: 合同功能 | I24: 联调完成 | J24: 46091 | K24: 运营·深耕/产品漏洞与风险识别/VEX文档解析管理 | L24: 程序内部自动检测执行 | N24: V3.7.0(20260312) | O24: 待反馈 | P24: V3.8.0-beat.1 | Q24: 待反馈 | R24: V3.8.0-beat.1 | S24: 待反馈 | T24: V3.8.0-beat.1 | U24: ==VLOOKUP(E24,天津功能清单!E:G,3,FALSE) -> 已发布 | V24: 漏洞生命周期管理/VEX基础管理/VEX文档解析管理
B25: 风险组件库管理 | C25: 已知风险资产组件管理 | D25: 已知风险资产组件管理 | E25: 已知风险资产组件查询 | G25: 蔡云飞 | H25: 合同功能 | I25: 联调完成 | J25: 46091 | K25: 信息化资产管理/资产管理/已知风险资产组件管理 | L25: 查询按钮 | N25: V3.7.0(20260312) | O25: 待反馈 | P25: V3.8.0-beat.1 | Q25: 待反馈 | R25: V3.8.0-beat.1 | S25: 待反馈 | T25: V3.8.0-beat.1 | U25: ==VLOOKUP(E25,天津功能清单!E:G,3,FALSE) -> 已发布 | V25: 信息化资产管理/资产管理/已知风险资产组件管理
E26: 已知风险资产组件新增 | G26: 蔡云飞 | H26: 合同功能 | I26: 联调完成 | J26: 46091 | K26: 信息化资产管理/资产管理/已知风险资产组件管理 | L26: 新增按钮 | N26: V3.7.0(20260312) | O26: 待反馈 | P26: V3.8.0-beat.1 | Q26: 待反馈 | R26: V3.8.0-beat.1 | S26: 待反馈 | T26: V3.8.0-beat.1 | U26: ==VLOOKUP(E26,天津功能清单!E:G,3,FALSE) -> 已发布 | V26: 信息化资产管理/资产管理/已知风险资产组件管理
E27: 已知风险资产组件删除 | G27: 蔡云飞 | H27: 合同功能 | I27: 联调完成 | J27: 46091 | K27: 信息化资产管理/资产管理/已知风险资产组件管理 | L27: 删除按钮 | N27: V3.7.0(20260312) | O27: 待反馈 | P27: V3.8.0-beat.1 | Q27: 待反馈 | R27: V3.8.0-beat.1 | S27: 待反馈 | T27: V3.8.0-beat.1 | U27: ==VLOOKUP(E27,天津功能清单!E:G,3,FALSE) -> 已发布 | V27: 信息化资产管理/资产管理/已知风险资产组件管理
E28: 已知风险资产组件修改 | G28: 蔡云飞 | H28: 合同功能 | I28: 联调完成 | J28: 46091 | K28: 信息化资产管理/资产管理/已知风险资产组件管理 | L28: 修改按钮 | N28: V3.7.0(20260312) | O28: 待反馈 | P28: V3.8.0-beat.1 | Q28: 待反馈 | R28: V3.8.0-beat.1 | S28: 待反馈 | T28: V3.8.0-beat.1 | U28: ==VLOOKUP(E28,天津功能清单!E:G,3,FALSE) -> 已发布 | V28: 信息化资产管理/资产管理/已知风险资产组件管理
E29: 整理资产指纹、CPE库、VEX文档数据(查询) | G29: 蔡云飞 | H29: 合同功能 | I29: 联调完成 | J29: 46098 | K29: 信息化资产管理/资产管理/已知风险资产组件管理 | L29: 查询按钮 | N29: V3.8.0-beat.1 | O29: 待反馈 | P29: V3.8.0-beat.1 | Q29: 待反馈 | R29: V3.8.0-beat.1 | S29: 待反馈 | T29: V3.8.0-beat.1 | U29: ==VLOOKUP(E29,天津功能清单!E:G,3,FALSE) -> 已发布 | V29: 信息化资产管理/资产管理/已知风险资产组件管理
C30: 风险资产组件评分 | D30: 风险资产组件评分 | E30: 风险资产组件评分计算 | F30: 广东省修改功能点名字：风险资产组件评分公式计算分值 | G30: 蔡云飞 | H30: 合同功能 | I30: 联调完成 | J30: 46105 | K30: 信息化资产管理/资产管理/风险资产组件评分管理 | L30: 计算按钮 | N30: V3.8.0-beat.1 | O30: 待反馈 | P30: V3.8.0-beat.1 | Q30: 待反馈 | R30: V3.8.0-beat.1 | S30: 待反馈 | T30: V3.8.0-beat.1 | U30: ==VLOOKUP(E30,天津功能清单!E:G,3,FALSE) -> 已发布 | V30: 信息化资产管理/资产管理/风险资产组件评分管理
E31: 风险资产组件评分手动调整 | F31: 广东省修改功能点名字：风险资产组件评分修改数据 | G31: 蔡云飞 | H31: 合同功能 | I31: 联调完成 | J31: 46105 | K31: 信息化资产管理/资产管理/风险资产组件评分管理 | L31: 修改按钮 | N31: V3.8.0-beat.1 | O31: 待反馈 | P31: V3.8.0-beat.1 | Q31: 待反馈 | R31: V3.8.0-beat.1 | S31: 待反馈 | T31: V3.8.0-beat.1 | U31: ==VLOOKUP(E31,天津功能清单!E:G,3,FALSE) -> 已发布 | V31: 信息化资产管理/资产管理/风险资产组件评分管理
E32: 风险资产组件评分规则配置 | G32: 蔡云飞 | H32: 合同功能 | I32: 联调完成 | J32: 46105 | K32: 信息化资产管理/资产管理/风险资产组件评分管理 | L32: 配置按钮 | N32: V3.8.0-beat.1 | O32: 待反馈 | P32: V3.8.0-beat.1 | Q32: 待反馈 | R32: V3.8.0-beat.1 | S32: 待反馈 | T32: V3.8.0-beat.1 | U32: ==VLOOKUP(E32,天津功能清单!E:G,3,FALSE) -> 已发布 | V32: 信息化资产管理/资产管理/风险资产组件评分管理
C33: 本省字典回传与更新 | D33: 本省字典回传与更新 | E33: 未上传弱口令筛选 | G33: 仲光华 | H33: 合同功能 | I33: 联调完成 | J33: 46091 | K33: 漏洞管理平台/工单管理/系统漏洞工单 | L33: 搜索处置方式是字典组合爆破的，可以看到未回传的任务 | N33: V3.7.0(20260312) | O33: 待反馈 | P33: V3.8.0-beat.1 | Q33: 待反馈 | R33: V3.8.0-beat.1 | S33: 待反馈 | T33: V3.8.0-beat.1 | U33: ==VLOOKUP(E33,天津功能清单!E:G,3,FALSE) -> 已发布 | V33: 漏洞管理平台/工单管理/系统漏洞工单
E34: 回传弱口令 | G34: 仲光华 | H34: 合同功能 | I34: 联调完成 | J34: 46091 | K34: 漏洞管理平台/任务管理/口令字典上传任务 | L34: 选择业务场景后，点击上传按钮进行回传 | N34: V3.7.0(20260312) | O34: 待反馈 | P34: V3.8.0-beat.1 | Q34: 待反馈 | R34: V3.8.0-beat.1 | S34: 待反馈 | T34: V3.8.0-beat.1 | U34: ==VLOOKUP(E34,天津功能清单!E:G,3,FALSE) -> 已发布 | V34: 漏洞管理平台/任务管理/口令字典上传任务
A35: 产品漏洞关联分析 | B35: 产品漏洞管理应用 | C35: 漏洞关联分析 | D35: 漏洞关联分析 | E35: 创建预警专项任务 | G35: 张明峰 | H35: 合同功能 | I35: 联调完成 | J35: 46091 | K35: 漏洞管理平台/任务管理/产品漏洞预警任务 | L35: 工单详情 > 任务下发；任务详情 | N35: V3.7.0(20260312) | O35: 待反馈 | P35: V3.8.0-beat.1 | Q35: 待反馈 | R35: V3.8.0-beat.1 | S35: 待反馈 | T35: V3.8.0-beat.1 | U35: ==VLOOKUP(E35,天津功能清单!E:G,3,FALSE) -> 已发布 | V35: 漏洞管理平台/任务管理/产品漏洞预警任务
E36: 查看预警任务结果 | G36: 张明峰 | H36: 合同功能 | I36: 联调完成 | J36: 46091 | N36: V3.7.0(20260312) | O36: 待反馈 | P36: V3.8.0-beat.1 | Q36: 待反馈 | R36: V3.8.0-beat.1 | S36: 待反馈 | T36: V3.8.0-beat.1 | U36: ==VLOOKUP(E36,天津功能清单!E:G,3,FALSE) -> 已发布
C37: 修复决策支持 | D37: 修复决策支持 | E37: 查看修复决策策略 | G37: 张明峰 | H37: 合同功能 | I37: 联调完成 | J37: 46104 | K37: 运营·深耕/产品漏洞与风险识别/修复决策支持 | N37: V3.8.0-beat.1 | O37: 待反馈 | P37: V3.8.0-beat.1 | Q37: 待反馈 | R37: V3.8.0-beat.1 | S37: 待反馈 | T37: V3.8.0-beat.1 | U37: ==VLOOKUP(E37,天津功能清单!E:G,3,FALSE) -> 已发布 | V37: 漏洞生命周期管理/产品漏洞管理/修复决策支持
E38: 修改修复决策策略 | G38: 张明峰 | H38: 合同功能 | I38: 联调完成 | J38: 46104 | K38: 运营·深耕/产品漏洞与风险识别/修复决策支持 | N38: V3.8.0-beat.1 | O38: 待反馈 | P38: V3.8.0-beat.1 | Q38: 待反馈 | R38: V3.8.0-beat.1 | S38: 待反馈 | T38: V3.8.0-beat.1 | U38: ==VLOOKUP(E38,天津功能清单!E:G,3,FALSE) -> 已发布 | V38: 漏洞生命周期管理/产品漏洞管理/修复决策支持
E39: 删除修复决策策略 | G39: 张明峰 | H39: 合同功能 | I39: 联调完成 | J39: 46104 | K39: 运营·深耕/产品漏洞与风险识别/修复决策支持 | N39: V3.8.0-beat.1 | O39: 待反馈 | P39: V3.8.0-beat.1 | Q39: 待反馈 | R39: V3.8.0-beat.1 | S39: 待反馈 | T39: V3.8.0-beat.1 | U39: ==VLOOKUP(E39,天津功能清单!E:G,3,FALSE) -> 已发布 | V39: 漏洞生命周期管理/产品漏洞管理/修复决策支持
C40: 漏洞指纹排查 | D40: 漏洞指纹排查 | E40: 采集漏洞指纹 | G40: 张明峰 | H40: 合同功能 | I40: 联调完成 | J40: 46106 | K40: 信息化资产管理/资产管理/漏洞指纹管理 | L40: 漏洞扫描任务发现漏洞后，自动标准化资产组件信息同步到漏洞指纹库 | N40: V3.8.0-beat.1 | O40: 待反馈 | P40: V3.8.0-beat.1 | Q40: 待反馈 | R40: V3.8.0-beat.1 | S40: 待反馈 | T40: V3.8.0-beat.1 | U40: ==VLOOKUP(E40,天津功能清单!E:G,3,FALSE) -> 已发布 | V40: 信息化资产管理/资产管理/漏洞指纹管理
E41: 查看漏洞指纹 | G41: 张明峰 | H41: 合同功能 | I41: 联调完成 | J41: 46106 | K41: 信息化资产管理/资产管理/漏洞指纹管理 | L41: 从列表查看漏洞扫描任务发现的漏洞指纹信息，当前仅支持开放端口 | N41: V3.8.0-beat.1 | O41: 待反馈 | P41: V3.8.0-beat.1 | Q41: 待反馈 | R41: V3.8.0-beat.1 | S41: 待反馈 | T41: V3.8.0-beat.1 | U41: ==VLOOKUP(E41,天津功能清单!E:G,3,FALSE) -> 已发布 | V41: 信息化资产管理/资产管理/漏洞指纹管理
A42: 数据同步 | B42: VEX数据上报及接收 | C42: VEX数据接口 | D42: VEX数据接口 | E42: 上传VEX文档 | G42: 蔡云飞 | H42: 合同功能 | I42: 联调完成 | J42: 46105 | K42: 运营·深耕/产品漏洞与风险识别/VEX数据接口管理 | L42: 上传按钮 | N42: V3.8.0-beat.1 | O42: 待反馈 | P42: V3.8.0-beat.1 | Q42: 待反馈 | R42: V3.8.0-beat.1 | S42: 待反馈 | T42: V3.8.0-beat.1 | U42: ==VLOOKUP(E42,天津功能清单!E:G,3,FALSE) -> 已发布 | V42: 漏洞生命周期管理/VEX基础管理/VEX数据接口管理
E43: 接收VEX文档 | G43: 蔡云飞 | H43: 合同功能 | I43: 联调完成 | J43: 46105 | K43: 运营·深耕/产品漏洞与风险识别/VEX数据接口管理 | L43: 接收按钮 | N43: V3.8.0-beat.1 | O43: 待反馈 | P43: V3.8.0-beat.1 | Q43: 待反馈 | R43: V3.8.0-beat.1 | S43: 待反馈 | T43: V3.8.0-beat.1 | U43: ==VLOOKUP(E43,天津功能清单!E:G,3,FALSE) -> 已发布 | V43: 漏洞生命周期管理/VEX基础管理/VEX数据接口管理
E44: 查看VEX文档信息 | G44: 蔡云飞 | H44: 合同功能 | I44: 联调完成 | J44: 46105 | K44: 运营·深耕/产品漏洞与风险识别/VEX数据接口管理 | L44: 详情查询按钮 | N44: V3.8.0-beat.1 | O44: 待反馈 | P44: V3.8.0-beat.1 | Q44: 待反馈 | R44: V3.8.0-beat.1 | S44: 待反馈 | T44: V3.8.0-beat.1 | U44: ==VLOOKUP(E44,天津功能清单!E:G,3,FALSE) -> 已发布 | V44: 漏洞生命周期管理/VEX基础管理/VEX数据接口管理
E45: 显示VEX文档信息 | G45: 蔡云飞 | H45: 合同功能 | I45: 联调完成 | J45: 46105 | K45: 运营·深耕/产品漏洞与风险识别/VEX数据接口管理 | L45: 查询按钮 | N45: V3.8.0-beat.1 | O45: 待反馈 | P45: V3.8.0-beat.1 | Q45: 待反馈 | R45: V3.8.0-beat.1 | S45: 待反馈 | T45: V3.8.0-beat.1 | U45: ==VLOOKUP(E45,天津功能清单!E:G,3,FALSE) -> 已发布 | V45: 漏洞生命周期管理/VEX基础管理/VEX数据接口管理
B46: 漏洞修复状态同步 | C46: 漏洞修复状态同步接口 | D46: 漏洞修复状态同步接口 | E46: 漏洞修复状态查询 | G46: 蔡云飞 | H46: 合同功能 | I46: 联调完成 | J46: 46091 | K46: 运营·深耕/漏洞修复核验/漏洞修复状态同步管理 | L46: 查询按钮 | N46: V3.7.0(20260312) | O46: 待反馈 | P46: V3.8.0-beat.1 | Q46: 待反馈 | R46: V3.8.0-beat.1 | S46: 待反馈 | T46: V3.8.0-beat.1 | U46: ==VLOOKUP(E46,天津功能清单!E:G,3,FALSE) -> 已发布 | V46: 漏洞生命周期管理/系统漏洞修复/漏洞修复状态同步管理
E47: 漏洞修复状态更新 | F47: 广东省修改功能名字：漏洞修复状态修改数据 | G47: 蔡云飞 | H47: 合同功能 | I47: 联调完成 | J47: 46091 | K47: 运营·深耕/漏洞修复核验/漏洞修复状态同步管理 | L47: 修改按钮 | N47: V3.7.0(20260312) | O47: 待反馈 | P47: V3.8.0-beat.1 | Q47: 待反馈 | R47: V3.8.0-beat.1 | S47: 待反馈 | T47: V3.8.0-beat.1 | U47: ==VLOOKUP(E47,天津功能清单!E:G,3,FALSE) -> 已发布 | V47: 漏洞生命周期管理/系统漏洞修复/漏洞修复状态同步管理
E48: 漏洞修复状态同步至资产管理平台 | G48: 蔡云飞 | H48: 合同功能 | I48: 联调完成 | J48: 46091 | K48: 运营·深耕/漏洞修复核验/漏洞修复状态同步管理 | L48: 同步数据按钮 | N48: V3.7.0(20260312) | O48: 待反馈 | P48: V3.8.0-beat.1 | Q48: 待反馈 | R48: V3.8.0-beat.1 | S48: 待反馈 | T48: V3.8.0-beat.1 | U48: ==VLOOKUP(E48,天津功能清单!E:G,3,FALSE) -> 已发布 | V48: 漏洞生命周期管理/系统漏洞修复/漏洞修复状态同步管理
E49: 漏洞修复状态同步结果查询 | G49: 蔡云飞 | H49: 合同功能 | I49: 联调完成 | J49: 46091 | K49: 运营·深耕/漏洞修复核验/漏洞修复状态同步管理 | L49: 同步查询按钮 | N49: V3.7.0(20260312) | O49: 待反馈 | P49: V3.8.0-beat.1 | Q49: 待反馈 | R49: V3.8.0-beat.1 | S49: 待反馈 | T49: V3.8.0-beat.1 | U49: ==VLOOKUP(E49,天津功能清单!E:G,3,FALSE) -> 已发布 | V49: 漏洞生命周期管理/系统漏洞修复/漏洞修复状态同步管理
B50: 数据一致性保障 | C50: 数据一致性校验任务 | D50: 数据一致性校验任务 | E50: 数据一致性审批查询 | G50: 蔡云飞 | H50: 合同功能 | I50: 联调完成 | J50: 46091 | K50: 运营·深耕/漏洞修复核验/数据一致性审批 | L50: 审批查询按钮 | N50: V3.7.0(20260312) | O50: 待反馈 | P50: V3.8.0-beat.1 | Q50: 待反馈 | R50: V3.8.0-beat.1 | S50: 待反馈 | T50: V3.8.0-beat.1 | U50: ==VLOOKUP(E50,天津功能清单!E:G,3,FALSE) -> 已部署 | V50: 漏洞生命周期管理/专项任务管理/数据一致性审批
E51: 数据一致性审批创建 | G51: 蔡云飞 | H51: 合同功能 | I51: 联调完成 | J51: 46091 | K51: 运营·深耕/漏洞修复核验/数据一致性审批 | L51: 新增按钮 | N51: V3.7.0(20260312) | O51: 待反馈 | P51: V3.8.0-beat.1 | Q51: 待反馈 | R51: V3.8.0-beat.1 | S51: 待反馈 | T51: V3.8.0-beat.1 | U51: ==VLOOKUP(E51,天津功能清单!E:G,3,FALSE) -> 已部署 | V51: 漏洞生命周期管理/专项任务管理/数据一致性审批
E52: 数据一致性审批启动 | G52: 蔡云飞 | H52: 合同功能 | I52: 联调完成 | J52: 46091 | K52: 运营·深耕/漏洞修复核验/数据一致性审批 | L52: 启动按钮 | N52: V3.7.0(20260312) | O52: 待反馈 | P52: V3.8.0-beat.1 | Q52: 待反馈 | R52: V3.8.0-beat.1 | S52: 待反馈 | T52: V3.8.0-beat.1 | U52: ==VLOOKUP(E52,天津功能清单!E:G,3,FALSE) -> 已发布 | V52: 漏洞生命周期管理/专项任务管理/数据一致性审批
E53: 数据一致性审批结果收集 | F53: 广东省修改功能名字：数据一致性审批结果数据查询 | G53: 蔡云飞 | H53: 合同功能 | I53: 联调完成 | J53: 46091 | K53: 运营·深耕/漏洞修复核验/数据一致性审批 | L53: 审批结果查询按钮 | N53: V3.7.0(20260312) | O53: 待反馈 | P53: V3.8.0-beat.1 | Q53: 待反馈 | R53: V3.8.0-beat.1 | S53: 待反馈 | T53: V3.8.0-beat.1 | U53: ==VLOOKUP(E53,天津功能清单!E:G,3,FALSE) -> 已部署 | V53: 漏洞生命周期管理/专项任务管理/数据一致性审批
A54: 漏洞概念验证全生命周期管理 | B54: 漏洞概念验证插件配置管理 | C54: 插件本地管理 | D54: 插件本地管理 | E54: 保存新增的POC插件 | G54: 张明峰 | H54: 合同功能 | I54: 联调完成 | J54: 46091 | K54: 运营·深耕/漏洞概念验证/插件本地管理 | L54: 新增按钮 | N54: V3.7.0(20260312) | O54: 待反馈 | P54: V3.8.0-beat.1 | Q54: 待反馈 | R54: V3.8.0-beat.1 | S54: 待反馈 | T54: V3.8.0-beat.1 | U54: ==VLOOKUP(E54,天津功能清单!E:G,3,FALSE) -> 已部署 | V54: 漏洞生命周期管理/系统漏洞风险排查/插件本地管理
E55: 新增的概念验证插件提交功能 | G55: 张明峰 | H55: 合同功能 | I55: 联调完成 | J55: 46091 | K55: 运营·深耕/漏洞概念验证/插件本地管理 | L55: 列表数据提交审核 | N55: V3.7.0(20260312) | O55: 待反馈 | P55: V3.8.0-beat.1 | Q55: 待反馈 | R55: V3.8.0-beat.1 | S55: 待反馈 | T55: V3.8.0-beat.1 | U55: ==VLOOKUP(E55,天津功能清单!E:G,3,FALSE) -> 已部署 | V55: 漏洞生命周期管理/系统漏洞风险排查/插件本地管理
E56: 提交新增的POC插件 | G56: 张明峰 | H56: 合同功能 | I56: 联调完成 | J56: 46091 | K56: 运营·深耕/漏洞概念验证/插件本地管理 | L56: 列表数据提交审核 | N56: V3.7.0(20260312) | O56: 待反馈 | P56: V3.8.0-beat.1 | Q56: 待反馈 | R56: V3.8.0-beat.1 | S56: 待反馈 | T56: V3.8.0-beat.1 | U56: ==VLOOKUP(E56,天津功能清单!E:G,3,FALSE) -> 已部署 | V56: 漏洞生命周期管理/系统漏洞风险排查/插件本地管理
E57: 上传POC插件文件到服务器 | G57: 张明峰 | H57: 合同功能 | I57: 联调完成 | J57: 46091 | K57: 运营·深耕/漏洞概念验证/插件本地管理 | L57: 上传文件 | N57: V3.7.0(20260312) | O57: 待反馈 | P57: V3.8.0-beat.1 | Q57: 待反馈 | R57: V3.8.0-beat.1 | S57: 待反馈 | T57: V3.8.0-beat.1 | U57: ==VLOOKUP(E57,天津功能清单!E:G,3,FALSE) -> 已发布 | V57: 漏洞生命周期管理/系统漏洞风险排查/插件本地管理
E58: 编辑未审核的POC插件 | G58: 张明峰 | H58: 合同功能 | I58: 联调完成 | J58: 46091 | K58: 运营·深耕/漏洞概念验证/插件本地管理 | L58: 列表数据编辑按钮 | N58: V3.7.0(20260312) | O58: 待反馈 | P58: V3.8.0-beat.1 | Q58: 待反馈 | R58: V3.8.0-beat.1 | S58: 待反馈 | T58: V3.8.0-beat.1 | U58: ==VLOOKUP(E58,天津功能清单!E:G,3,FALSE) -> 已发布 | V58: 漏洞生命周期管理/系统漏洞风险排查/插件本地管理
E59: 查看未审核的POC插件关联漏洞信息 | G59: 张明峰 | H59: 合同功能 | I59: 联调完成 | J59: 46091 | K59: 运营·深耕/漏洞概念验证/插件本地管理 | L59: 点击列表数据漏洞ID弹窗 | N59: V3.7.0(20260312) | O59: 待反馈 | P59: V3.8.0-beat.1 | Q59: 待反馈 | R59: V3.8.0-beat.1 | S59: 待反馈 | T59: V3.8.0-beat.1 | U59: ==VLOOKUP(E59,天津功能清单!E:G,3,FALSE) -> 已发布 | V59: 漏洞生命周期管理/系统漏洞风险排查/插件本地管理
E60: 查看POC插件的的生命周期记录 | G60: 张明峰 | H60: 合同功能 | I60: 联调完成 | J60: 46091 | K60: 运营·深耕/漏洞概念验证/插件本地管理 | L60: 点击列表数据查看按钮 | N60: V3.7.0(20260312) | O60: 待反馈 | P60: V3.8.0-beat.1 | Q60: 待反馈 | R60: V3.8.0-beat.1 | S60: 待反馈 | T60: V3.8.0-beat.1 | U60: ==VLOOKUP(E60,天津功能清单!E:G,3,FALSE) -> 已发布 | V60: 漏洞生命周期管理/系统漏洞风险排查/插件本地管理
E61: 校验POC插件数据完整性 | G61: 张明峰 | H61: 合同功能 | I61: 联调完成 | J61: 46091 | K61: 运营·深耕/漏洞概念验证/插件本地管理 | L61: 列表数据校验按钮 | N61: V3.7.0(20260312) | O61: 待反馈 | P61: V3.8.0-beat.1 | Q61: 待反馈 | R61: V3.8.0-beat.1 | S61: 待反馈 | T61: V3.8.0-beat.1 | U61: ==VLOOKUP(E61,天津功能清单!E:G,3,FALSE) -> 已发布 | V61: 漏洞生命周期管理/系统漏洞风险排查/插件本地管理
E62: 下载POC插件数据到本地 | G62: 张明峰 | H62: 合同功能 | I62: 联调完成 | J62: 46091 | K62: 运营·深耕/漏洞概念验证/插件本地管理 | L62: 选中数据导出选中、行数据下载 | N62: V3.7.0(20260312) | O62: 待反馈 | P62: V3.8.0-beat.1 | Q62: 待反馈 | R62: V3.8.0-beat.1 | S62: 待反馈 | T62: V3.8.0-beat.1 | U62: ==VLOOKUP(E62,天津功能清单!E:G,3,FALSE) -> 已发布 | V62: 漏洞生命周期管理/系统漏洞风险排查/插件本地管理
E63: 删除POC插件数据 | G63: 张明峰 | H63: 合同功能 | I63: 联调完成 | J63: 46091 | K63: 运营·深耕/漏洞概念验证/插件本地管理 | L63: 列表数据删除按钮 | N63: V3.7.0(20260312) | O63: 待反馈 | P63: V3.8.0-beat.1 | Q63: 待反馈 | R63: V3.8.0-beat.1 | S63: 待反馈 | T63: V3.8.0-beat.1 | U63: ==VLOOKUP(E63,天津功能清单!E:G,3,FALSE) -> 已发布 | V63: 漏洞生命周期管理/系统漏洞风险排查/插件本地管理
C64: 插件参数设置 | D64: 插件参数设置 | E64: 新增插件模板信息 | G64: 张明峰 | H64: 合同功能 | I64: 联调完成 | J64: 46091 | K64: 运营·深耕/漏洞概念验证/插件参数设置 | L64: 新建模板 | N64: V3.7.0(20260312) | O64: 待反馈 | P64: V3.8.0-beat.1 | Q64: 待反馈 | R64: V3.8.0-beat.1 | S64: 待反馈 | T64: V3.8.0-beat.1 | U64: ==VLOOKUP(E64,天津功能清单!E:G,3,FALSE) -> 已发布 | V64: 漏洞生命周期管理/系统漏洞风险排查/插件参数设置
E65: 修改插件模板信息 | G65: 张明峰 | H65: 合同功能 | I65: 联调完成 | J65: 46091 | K65: 运营·深耕/漏洞概念验证/插件参数设置 | L65: 编辑按钮 | N65: V3.7.0(20260312) | O65: 待反馈 | P65: V3.8.0-beat.1 | Q65: 待反馈 | R65: V3.8.0-beat.1 | S65: 待反馈 | T65: V3.8.0-beat.1 | U65: ==VLOOKUP(E65,天津功能清单!E:G,3,FALSE) -> 已发布 | V65: 漏洞生命周期管理/系统漏洞风险排查/插件参数设置
E66: 下载插件模板信息 | G66: 张明峰 | H66: 合同功能 | I66: 联调完成 | J66: 46091 | K66: 运营·深耕/漏洞概念验证/插件参数设置 | L66: 选中数据导出选中、行数据下载 | N66: V3.7.0(20260312) | O66: 待反馈 | P66: V3.8.0-beat.1 | Q66: 待反馈 | R66: V3.8.0-beat.1 | S66: 待反馈 | T66: V3.8.0-beat.1 | U66: ==VLOOKUP(E66,天津功能清单!E:G,3,FALSE) -> 已发布 | V66: 漏洞生命周期管理/系统漏洞风险排查/插件参数设置
C67: 插件版本控制 | D67: 插件版本控制 | E67: 标记过时插件模板 | G67: 张明峰 | H67: 合同功能 | I67: 联调完成 | J67: 46091 | K67: 运营·深耕/漏洞概念验证/插件版本控制 | L67: 标记过时按钮 | N67: V3.7.0(20260312) | O67: 待反馈 | P67: V3.8.0-beat.1 | Q67: 待反馈 | R67: V3.8.0-beat.1 | S67: 待反馈 | T67: V3.8.0-beat.1 | U67: ==VLOOKUP(E67,天津功能清单!E:G,3,FALSE) -> 已发布 | V67: 漏洞生命周期管理/系统漏洞风险排查/插件版本控制
E68: 删除过时插件模板 | G68: 张明峰 | H68: 合同功能 | I68: 联调完成 | J68: 46091 | K68: 运营·深耕/漏洞概念验证/插件版本控制 | L68: 删除按钮 | N68: V3.7.0(20260312) | O68: 待反馈 | P68: V3.8.0-beat.1 | Q68: 待反馈 | R68: V3.8.0-beat.1 | S68: 待反馈 | T68: V3.8.0-beat.1 | U68: ==VLOOKUP(E68,天津功能清单!E:G,3,FALSE) -> 已发布 | V68: 漏洞生命周期管理/系统漏洞风险排查/插件版本控制
C69: 插件验证与审核 | D69: 查看审计响应合规性列表 | E69: 查看插件信息及其关联漏洞信息 | G69: 张明峰 | H69: 合同功能 | I69: 联调完成 | J69: 46091 | K69: 运营·深耕/漏洞概念验证/插件本地管理 | L69: 点击列表数据漏洞ID | N69: V3.7.0(20260312) | O69: 待反馈 | P69: V3.8.0-beat.1 | Q69: 待反馈 | R69: V3.8.0-beat.1 | S69: 待反馈 | T69: V3.8.0-beat.1 | U69: ==VLOOKUP(E69,天津功能清单!E:G,3,FALSE) -> 已发布 | V69: 漏洞生命周期管理/系统漏洞风险排查/插件本地管理
E70: 人工线下初步验证插件 | F70: 前期设计功能，明确：该环节已被系统自动化流程替代，仅作为特殊场景兜底 | G70: 张明峰 | H70: 合同功能 | I70: 已废弃 | J70: 46115 | N70: 已废弃 | O70: 待反馈 | P70: 未发版 | Q70: 待反馈 | R70: 未发版 | S70: 待反馈 | T70: 未发版 | U70: ==VLOOKUP(E70,天津功能清单!E:G,3,FALSE) -> 0
E71: 插件功能有效性验证 | F71: 补全核心验证环节，确保插件可正常触发漏洞、无逻辑错误 | G71: 张明峰 | H71: 新增功能 | I71: 联调完成 | J71: 46115 | K71: 运营·深耕/漏洞概念验证/插件验证与审核 | L71: 点击"有效性验证"按钮打开界面操作 | N71: 未发版 | O71: 待反馈 | P71: V3.8.0-beat.2 | Q71: 待反馈 | R71: 未发版 | S71: 待反馈 | T71: V3.8.0-beat.2 | U71: ==VLOOKUP(E71,天津功能清单!E:G,3,FALSE) -> #N/A | V71: 漏洞生命周期管理/系统漏洞风险排查/插件验证与审核
E72: 插件基础安全性 | F72: 原「人工线下验证插件基础安全性」已废弃，统一为系统自动检测，消除重复 | G72: 张明峰 | H72: 合同功能 | I72: 联调完成 | J72: 46115 | K72: 运营·深耕/漏洞概念验证/插件验证与审核 | L72: 点击"安全检测"按钮打开界面操作 | N72: 未发版 | O72: 待反馈 | P72: V3.8.0-beat.2 | Q72: 待反馈 | R72: 未发版 | S72: 待反馈 | T72: V3.8.0-beat.2 | U72: ==VLOOKUP(E72,天津功能清单!E:G,3,FALSE) -> 0 | V72: 漏洞生命周期管理/系统漏洞风险排查/插件验证与审核
E73: 人工线下验证插件基础安全性 | G73: 张明峰 | H73: 合同功能 | I73: 已废弃 | J73: 46115 | K73: 运营·深耕/漏洞概念验证/插件验证与审核 | N73: 已废弃 | O73: 待反馈 | P73: 未发版 | Q73: 待反馈 | R73: 未发版 | S73: 待反馈 | T73: 未发版 | U73: ==VLOOKUP(E73,天津功能清单!E:G,3,FALSE) -> 0 | V73: 漏洞生命周期管理/系统漏洞风险排查/插件验证与审核
E74: 提交到部侧漏管平台审核 | G74: 张明峰 | H74: 合同功能 | I74: 联调完成 | J74: 46091 | K74: 运营·深耕/漏洞概念验证/插件验证与审核 | L74: 点击"提交审核"按钮打开界面操作 | N74: V3.7.0(20260312) | O74: 待反馈 | P74: V3.8.0-beat.1 | Q74: 待反馈 | R74: V3.8.0-beat.1 | S74: 待反馈 | T74: V3.8.0-beat.1 | U74: ==VLOOKUP(E74,天津功能清单!E:G,3,FALSE) -> 已发布 | V74: 漏洞生命周期管理/系统漏洞风险排查/插件验证与审核
E75: 插件等级评定 | G75: 张明峰 | H75: 合同功能 | I75: 联调完成 | J75: 46115 | K75: 运营·深耕/漏洞概念验证/插件验证与审核 | L75: 点击"等级评定"按钮打开界面操作 | N75: 未发版 | O75: 待反馈 | P75: V3.8.0-beat.2 | Q75: 待反馈 | R75: 未发版 | S75: 待反馈 | T75: V3.8.0-beat.2 | U75: ==VLOOKUP(E75,天津功能清单!E:G,3,FALSE) -> 0 | V75: 漏洞生命周期管理/系统漏洞风险排查/插件验证与审核
E76: 综合判定插件状态 | F76: 基于安全检测、功能验证、等级评定结果，判定通过 / 驳回 / 待优化 | G76: 张明峰 | H76: 合同功能 | I76: 联调完成 | J76: 46115 | K76: 运营·深耕/漏洞概念验证/插件验证与审核 | L76: 点击"状态判定"按钮打开界面操作 | N76: 未发版 | O76: 待反馈 | P76: V3.8.0-beat.2 | Q76: 待反馈 | R76: 未发版 | S76: 待反馈 | T76: V3.8.0-beat.2 | U76: ==VLOOKUP(E76,天津功能清单!E:G,3,FALSE) -> 0 | V76: 漏洞生命周期管理/系统漏洞风险排查/插件验证与审核
E77: 部侧调用企业测接口同步审核结果 | F77: 补全部侧 - 企业测的结果同步闭环，确保两端状态一致 | G77: 张明峰 | H77: 合同功能 | I77: 联调完成 | J77: 46115 | K77: 运营·深耕/漏洞概念验证/插件验证与审核 | L77: 点击"同步结果"按钮打开界面操作 | N77: 未发版 | O77: 待反馈 | P77: V3.8.0-beat.2 | Q77: 待反馈 | R77: 未发版 | S77: 待反馈 | T77: V3.8.0-beat.2 | U77: ==VLOOKUP(E77,天津功能清单!E:G,3,FALSE) -> 0 | V77: 漏洞生命周期管理/系统漏洞风险排查/插件验证与审核
E78: 已审核插件匹配本地漏洞 | F78: 前期设计功能，明确：该环节已整合到「插件上线 / 归档」流程中，自动匹配 | G78: 张明峰 | H78: 合同功能 | I78: 已废弃 | J78: 46115 | K78: 运营·深耕/漏洞概念验证/插件验证与审核 | N78: 已废弃 | O78: 待反馈 | P78: 未发版 | Q78: 待反馈 | R78: 未发版 | S78: 待反馈 | T78: 未发版 | U78: ==VLOOKUP(E78,天津功能清单!E:G,3,FALSE) -> 0 | V78: 漏洞生命周期管理/系统漏洞风险排查/插件验证与审核
E79: 插件上线 / 归档 | F79: 补全最终环节，完成审核后插件正式上线、自动关联漏洞库，形成全流程闭环 | G79: 张明峰 | H79: 新增功能 | I79: 联调完成 | J79: 46115 | K79: 运营·深耕/漏洞概念验证/插件验证与审核 | L79: 点击"上线归档"按钮打开界面操作 | O79: 待反馈 | P79: V3.8.0-beat.2 | Q79: 待反馈 | R79: V3.8.0-beat.1 | S79: 待反馈 | T79: V3.8.0-beat.2 | U79: ==VLOOKUP(E79,天津功能清单!E:G,3,FALSE) -> #N/A | V79: 漏洞生命周期管理/系统漏洞风险排查/插件验证与审核
C80: POC插件运行管理 | D80: POC插件运行管理 | E80: 本地引擎离线导入插件 | G80: 张明峰 | H80: 合同功能 | I80: 联调完成 | J80: 46091 | K80: 运营·深耕/漏洞概念验证/POC插件运行管理 | N80: V3.7.0(20260312) | O80: 待反馈 | P80: V3.8.0-beat.1 | Q80: 待反馈 | R80: V3.8.0-beat.1 | S80: 待反馈 | T80: V3.8.0-beat.1 | U80: ==VLOOKUP(E80,天津功能清单!E:G,3,FALSE) -> 已发布 | V80: 漏洞生命周期管理/漏洞概念验证管理/POC插件运行管理
E81: 输入输出数据参数管理 | G81: 张明峰 | H81: 合同功能 | I81: 联调完成 | J81: 46091 | K81: 运营·深耕/漏洞概念验证/POC插件运行管理 | N81: V3.7.0(20260312) | O81: 待反馈 | P81: V3.8.0-beat.1 | Q81: 待反馈 | R81: V3.8.0-beat.1 | S81: 待反馈 | T81: V3.8.0-beat.1 | U81: ==VLOOKUP(E81,天津功能清单!E:G,3,FALSE) -> 已发布 | V81: 漏洞生命周期管理/漏洞概念验证管理/POC插件运行管理
E82: 用户提交POC任务 | G82: 张明峰 | H82: 合同功能 | I82: 联调完成 | J82: 46091 | K82: 运营·深耕/漏洞概念验证/POC插件运行管理 | N82: V3.7.0(20260312) | O82: 待反馈 | P82: V3.8.0-beat.1 | Q82: 待反馈 | R82: V3.8.0-beat.1 | S82: 待反馈 | T82: V3.8.0-beat.1 | U82: ==VLOOKUP(E82,天津功能清单!E:G,3,FALSE) -> 已发布 | V82: 漏洞生命周期管理/漏洞概念验证管理/POC插件运行管理
E83: 创建任务界面查询POC插件 | G83: 张明峰 | H83: 合同功能 | I83: 联调完成 | J83: 46091 | K83: 运营·深耕/漏洞概念验证/POC插件运行管理 | N83: V3.7.0(20260312) | O83: 待反馈 | P83: V3.8.0-beat.1 | Q83: 待反馈 | R83: V3.8.0-beat.1 | S83: 待反馈 | T83: V3.8.0-beat.1 | U83: ==VLOOKUP(E83,天津功能清单!E:G,3,FALSE) -> 已发布 | V83: 漏洞生命周期管理/漏洞概念验证管理/POC插件运行管理
E84: 查询产品漏洞 | G84: 张明峰 | H84: 合同功能 | I84: 联调完成 | J84: 46091 | K84: 运营·深耕/漏洞概念验证/POC插件运行管理 | N84: V3.7.0(20260312) | O84: 待反馈 | P84: V3.8.0-beat.1 | Q84: 待反馈 | R84: V3.8.0-beat.1 | S84: 待反馈 | T84: V3.8.0-beat.1 | U84: ==VLOOKUP(E84,天津功能清单!E:G,3,FALSE) -> 已发布 | V84: 漏洞生命周期管理/漏洞概念验证管理/POC插件运行管理
E85: 询选择任务接收人 | G85: 张明峰 | H85: 合同功能 | I85: 联调完成 | J85: 46091 | K85: 运营·深耕/漏洞概念验证/POC插件运行管理 | N85: V3.7.0(20260312) | O85: 待反馈 | P85: V3.8.0-beat.1 | Q85: 待反馈 | R85: V3.8.0-beat.1 | S85: 待反馈 | T85: V3.8.0-beat.1 | U85: ==VLOOKUP(E85,天津功能清单!E:G,3,FALSE) -> 已发布 | V85: 漏洞生命周期管理/漏洞概念验证管理/POC插件运行管理
E86: 查询选择资产范围 | G86: 张明峰 | H86: 合同功能 | I86: 联调完成 | J86: 46091 | K86: 运营·深耕/漏洞概念验证/POC插件运行管理 | N86: V3.7.0(20260312) | O86: 待反馈 | P86: V3.8.0-beat.1 | Q86: 待反馈 | R86: V3.8.0-beat.1 | S86: 待反馈 | T86: V3.8.0-beat.1 | U86: ==VLOOKUP(E86,天津功能清单!E:G,3,FALSE) -> 已发布 | V86: 漏洞生命周期管理/漏洞概念验证管理/POC插件运行管理
E87: 查询选择POC插件 | G87: 张明峰 | H87: 合同功能 | I87: 联调完成 | J87: 46091 | K87: 运营·深耕/漏洞概念验证/POC插件运行管理 | N87: V3.7.0(20260312) | O87: 待反馈 | P87: V3.8.0-beat.1 | Q87: 待反馈 | R87: V3.8.0-beat.1 | S87: 待反馈 | T87: V3.8.0-beat.1 | U87: ==VLOOKUP(E87,天津功能清单!E:G,3,FALSE) -> 已发布 | V87: 漏洞生命周期管理/漏洞概念验证管理/POC插件运行管理
E88: 设置扫描序列 | G88: 张明峰 | H88: 合同功能 | I88: 联调完成 | J88: 46091 | K88: 运营·深耕/漏洞概念验证/POC插件运行管理 | N88: V3.7.0(20260312) | O88: 待反馈 | P88: V3.8.0-beat.1 | Q88: 待反馈 | R88: V3.8.0-beat.1 | S88: 待反馈 | T88: V3.8.0-beat.1 | U88: ==VLOOKUP(E88,天津功能清单!E:G,3,FALSE) -> 已发布 | V88: 漏洞生命周期管理/漏洞概念验证管理/POC插件运行管理
E89: 任务追踪页面查看异常信息 | G89: 张明峰 | H89: 合同功能 | I89: 联调完成 | J89: 46091 | K89: 运营·深耕/漏洞概念验证/POC插件运行管理 | N89: V3.7.0(20260312) | O89: 待反馈 | P89: V3.8.0-beat.1 | Q89: 待反馈 | R89: V3.8.0-beat.1 | S89: 待反馈 | T89: V3.8.0-beat.1 | U89: ==VLOOKUP(E89,天津功能清单!E:G,3,FALSE) -> 已发布 | V89: 漏洞生命周期管理/漏洞概念验证管理/POC插件运行管理
E90: 任务追踪页面查看资产信息 | G90: 张明峰 | H90: 合同功能 | I90: 联调完成 | J90: 46091 | K90: 运营·深耕/漏洞概念验证/POC插件运行管理 | N90: V3.7.0(20260312) | O90: 待反馈 | P90: V3.8.0-beat.1 | Q90: 待反馈 | R90: V3.8.0-beat.1 | S90: 待反馈 | T90: V3.8.0-beat.1 | U90: ==VLOOKUP(E90,天津功能清单!E:G,3,FALSE) -> 已发布 | V90: 漏洞生命周期管理/漏洞概念验证管理/POC插件运行管理
E91: 任务追踪页面查看漏洞信息 | G91: 张明峰 | H91: 合同功能 | I91: 联调完成 | J91: 46091 | K91: 运营·深耕/漏洞概念验证/POC插件运行管理 | N91: V3.7.0(20260312) | O91: 待反馈 | P91: V3.8.0-beat.1 | Q91: 待反馈 | R91: V3.8.0-beat.1 | S91: 待反馈 | T91: V3.8.0-beat.1 | U91: ==VLOOKUP(E91,天津功能清单!E:G,3,FALSE) -> 已发布 | V91: 漏洞生命周期管理/漏洞概念验证管理/POC插件运行管理
E92: 任务追踪页面查看引擎信息 | G92: 张明峰 | H92: 合同功能 | I92: 联调完成 | J92: 46091 | K92: 运营·深耕/漏洞概念验证/POC插件运行管理 | N92: V3.7.0(20260312) | O92: 待反馈 | P92: V3.8.0-beat.1 | Q92: 待反馈 | R92: V3.8.0-beat.1 | S92: 待反馈 | T92: V3.8.0-beat.1 | U92: ==VLOOKUP(E92,天津功能清单!E:G,3,FALSE) -> 已发布 | V92: 漏洞生命周期管理/漏洞概念验证管理/POC插件运行管理
... E94: 任务追踪页面查看任务全貌 | G94: 张明峰 | H94: 合同功能 | I94: 联调完成 | J94: 46091 | K94: 运营·深耕/漏洞概念验证/POC插件运行管理 | N94: V3.7.0(20260312) | O94: 待反馈 | P94: V3.8.0-beat.1 | Q94: 待反馈 | R94: V3.8.0-beat.1 | S94: 待反馈 | T94: V3.8.0-beat.1 | U94: ==VLOOKUP(E94,天津功能清单!E:G,3,FALSE) -> 已发布 | V94: 漏洞生命周期管理/漏洞概念验证管理/POC插件运行管理
C95: 插件执行结果分析 | D95: 插件执行结果分析 | E95: 导入POC验证结果文件 | G95: 张明峰 | H95: 合同功能 | I95: 联调完成 | J95: 46107 | K95: 运营·深耕/漏洞概念验证/POC插件运行管理 | L95: 导入按钮 | N95: V3.8.0-beat.1 | O95: 待反馈 | P95: V3.8.0-beat.1 | Q95: 待反馈 | R95: V3.8.0-beat.1 | S95: 待反馈 | T95: V3.8.0-beat.1 | U95: ==VLOOKUP(E95,天津功能清单!E:G,3,FALSE) -> 已发布 | V95: 漏洞生命周期管理/漏洞概念验证管理/POC插件运行管理
E96: POC验证任务主动结束 | G96: 张明峰 | H96: 合同功能 | I96: 已废弃 | N96: 已废弃 | O96: 待反馈 | P96: 未发版 | Q96: 待反馈 | R96: 未发版 | S96: 待反馈 | T96: 未发版 | U96: ==VLOOKUP(E96,天津功能清单!E:G,3,FALSE) -> 已发布
C97: 插件执行回收与迭代优化 | D97: 插件执行回收与迭代优化 | E97: 配置插件扫描参数 | G97: 张明峰 | H97: 合同功能 | I97: 已废弃 | N97: 已废弃 | O97: 待反馈 | P97: 未发版 | Q97: 待反馈 | R97: 未发版 | S97: 待反馈 | T97: 未发版 | U97: ==VLOOKUP(E97,天津功能清单!E:G,3,FALSE) -> 0
E98: 查询报告任务列表 | G98: 张明峰 | H98: 新增功能 | I98: 联调完成 | J98: 46122 | K98: 运营·深耕/漏洞概念验证/插件执行回收与迭代优化 | L98: 点击菜单进入显示列表 | N98: 未发版 | O98: 待反馈 | P98: V3.8.0-beat.2 | Q98: 待反馈 | R98: 未发版 | S98: 待反馈 | T98: V3.8.0-beat.2 | U98: ==VLOOKUP(E98,天津功能清单!E:G,3,FALSE) -> #N/A | V98: 漏洞生命周期管理/漏洞概念验证管理/插件执行回收与迭代优化
E99: 查询报告模板 | G99: 张明峰 | H99: 新增功能 | I99: 联调完成 | J99: 46122 | K99: 运营·深耕/漏洞概念验证/插件执行回收与迭代优化 | L99: 点击生成报告按钮，"选择报告模板"页查询报告模板 | N99: 未发版 | O99: 待反馈 | P99: V3.8.0-beat.2 | Q99: 待反馈 | R99: 未发版 | S99: 待反馈 | T99: V3.8.0-beat.2 | U99: ==VLOOKUP(E99,天津功能清单!E:G,3,FALSE) -> #N/A | V99: 漏洞生命周期管理/漏洞概念验证管理/插件执行回收与迭代优化
E100: 配置模板驱动 | G100: 张明峰 | H100: 新增功能 | I100: 联调完成 | J100: 46125 | K100: 运营·深耕/漏洞概念验证/插件执行回收与迭代优化 | L100: 点击生成报告按钮，"选择报告模板"选中一个模板，支持配置更新 | O100: 待反馈 | P100: V3.8.0-beat.2 | Q100: 待反馈 | R100: 未发版 | S100: 待反馈 | T100: V3.8.0-beat.2 | U100: ==VLOOKUP(E100,天津功能清单!E:G,3,FALSE) -> #N/A | V100: 漏洞生命周期管理/漏洞概念验证管理/插件执行回收与迭代优化
E101: 查看POC插件扫描任务报告列表 | G101: 张明峰 | H101: 合同功能 | I101: 联调完成 | J101: 46122 | K101: 运营·深耕/漏洞概念验证/插件执行回收与迭代优化 | L101: 点击生成报告按钮，"选择扫描任务"页查询任务列表 | N101: 未发版 | O101: 待反馈 | P101: V3.8.0-beat.2 | Q101: 待反馈 | R101: 未发版 | S101: 待反馈 | T101: V3.8.0-beat.2 | U101: ==VLOOKUP(E101,天津功能清单!E:G,3,FALSE) -> 0 | V101: 漏洞生命周期管理/漏洞概念验证管理/插件执行回收与迭代优化
...

Sheet 2024期功能研发汇总表(河北三期)
A1: OPEX-需求名称 CAPEX-子系统 | B1: 一级模块 | C1: 二级模块 | D1: 三级模块 | E1: 功能过程 | F1: 备注 | G1: 分工 | H1: 功能项 | I1: 研发进展 | J1: 更新日期 | K1: 菜单/路径(完成必填) | L1: 功能操作 | M1: 界面截图 | N1: 是否使用模板 | P1: 菜单/路径(原始菜单审核完毕) | Q1: 部署服务名字（后端） | R1: 部署服务名字（前端）
B2: 系统漏洞风险排查 | C2: 重大漏洞专项检测考核要求 | D2: 重大漏洞专项检测工单管理 | E2: 专项检测工单下发接口 | G2: 汤凤欣 | H2: 合同功能
E3: 专项检测工单结果回传接口 | G3: 汤凤欣 | H3: 合同功能
E4: 专项检测工单查询 | G4: 汤凤欣 | H4: 合同功能 | K4: 任务工作台/运营中心/系统漏洞排查处置工单 | L4: 列表条件查询 | P4: 漏洞生命周期管理/专项任务管理/重大漏洞专项管理
E5: 专项检测工单新增 | G5: 汤凤欣 | H5: 合同功能 | K5: 任务工作台/运营中心/系统漏洞排查处置工单 | L5: 新增按钮 | P5: 漏洞生命周期管理/专项任务管理/重大漏洞专项管理
E6: 专项检测工单修改 | G6: 汤凤欣 | H6: 合同功能 | K6: 任务工作台/运营中心/系统漏洞排查处置工单 | L6: 列表修改按钮 | P6: 漏洞生命周期管理/专项任务管理/重大漏洞专项管理
E7: 专项检测工单详情查看 | G7: 汤凤欣 | H7: 合同功能 | K7: 任务工作台/运营中心/系统漏洞排查处置工单 | L7: 详情页面指令信息TAB页 工单基本信息 | P7: 漏洞生命周期管理/专项任务管理/重大漏洞专项管理
E8: 专项检测工单产品覆盖漏洞列表查看 | G8: 汤凤欣 | H8: 合同功能 | K8: 任务工作台/运营中心/系统漏洞排查处置工单 | L8: 详情页面产品漏洞信息TAB页
E9: 专项检测工单产品覆盖资产列表查看 | G9: 汤凤欣 | H9: 合同功能 | K9: 任务工作台/运营中心/系统漏洞排查处置工单 | L9: 详情页面资产信息TAB页
E10: 专项检测工单产品覆盖口令字典列表查看 | G10: 汤凤欣 | H10: 合同功能 | K10: 任务工作台/运营中心/系统漏洞排查处置工单 | L10: 详情页面口令字典信息TAB页（工单口令字典范围不为空时详情里才显示该TAB页）
E11: 专项检测工单删除 | G11: 汤凤欣 | H11: 合同功能 | P11: 漏洞生命周期管理/专项任务管理/重大漏洞专项管理
E12: 专项检测工单数据导出 | G12: 汤凤欣 | H12: 合同功能 | P12: 漏洞生命周期管理/专项任务管理/重大漏洞专项管理
E13: 专项检测工单结果模版导出 | G13: 汤凤欣 | H13: 合同功能 | P13: 漏洞生命周期管理/专项任务管理/重大漏洞专项管理
E14: 专项检测工单结果查看 | G14: 汤凤欣 | H14: 合同功能 | P14: 漏洞生命周期管理/专项任务管理/重大漏洞专项管理
E15: 专项检测工单结果导入 | G15: 汤凤欣 | H15: 合同功能 | P15: 漏洞生命周期管理/专项任务管理/重大漏洞专项管理
E16: 专项检测工单结果上报稽核 | G16: 汤凤欣 | H16: 合同功能
E17: 专项检测工单结果漏洞信息查看 | G17: 汤凤欣 | H17: 合同功能
E18: 专项检测工单结果漏洞导出 | G18: 汤凤欣 | H18: 合同功能
E19: 专项检测工单结果回传信息补全 | G19: 汤凤欣 | H19: 合同功能
E20: 专项检测工单结果回传数据上传 | G20: 汤凤欣 | H20: 合同功能
E21: 专项检测工单结果回传数据佐证材料附加 | G21: 汤凤欣 | H21: 合同功能
E22: 专项检测工单结果回传 | G22: 汤凤欣 | H22: 合同功能
E23: 专线检测工单处理方式查询 | G23: 汤凤欣 | H23: 合同功能
E24: 专线检测工单处理方式新增 | G24: 汤凤欣 | H24: 合同功能 | P24: 漏洞生命周期管理/专项任务管理/重大漏洞专项管理
E25: 专线检测工单处理方式修改 | G25: 汤凤欣 | H25: 合同功能 | P25: 漏洞生命周期管理/专项任务管理/重大漏洞专项管理
E26: 专线检测工单处理方式删除 | G26: 汤凤欣 | H26: 合同功能 | P26: 漏洞生命周期管理/专项任务管理/重大漏洞专项管理
E27: 专线检测工单处理方式导入 | G27: 汤凤欣 | H27: 合同功能 | P27: 漏洞生命周期管理/专项任务管理/重大漏洞专项管理
E28: 专线检测工单处理方式导出 | G28: 汤凤欣 | H28: 合同功能 | P28: 漏洞生命周期管理/专项任务管理/重大漏洞专项管理
E29: 专线检测工单处理方式详情查看 | G29: 汤凤欣 | H29: 合同功能 | P29: 漏洞生命周期管理/专项任务管理/重大漏洞专项管理
E30: 专线检测工单处理方式批量删除 | G30: 汤凤欣 | H30: 合同功能 | P30: 漏洞生命周期管理/专项任务管理/重大漏洞专项管理
D31: 重大漏洞专项检测任务派发 | E31: 专项检测工单基础信息查看 | G31: 汤凤欣 | H31: 合同功能 | K31: 漏洞生命周期管理-产品漏洞管理-专项任务管理 | P31: 漏洞生命周期管理-产品漏洞管理-专项任务管理
E32: 专项检测分发人员信息查询 | G32: 汤凤欣 | H32: 合同功能 | K32: 任务工作台-运营中心-系统漏洞排查处置工单 | P32: 任务工作台-运营中心-系统漏洞排查处置工单
E33: 专项检测分发任务添加 | G33: 汤凤欣 | H33: 合同功能 | K33: 任务工作台/运营中心/系统漏洞排查处置工单 | P33: 任务工作台/运营中心/系统漏洞排查处置工单
E34: 专项检测分发任务删除 | G34: 汤凤欣 | H34: 合同功能 | K34: 任务工作台/运营中心/系统漏洞排查处置工单 | P34: 任务工作台/运营中心/系统漏洞排查处置工单
E35: 专项检测分发任务汇总展示 | G35: 汤凤欣 | H35: 合同功能 | K35: 任务工作台/运营中心/系统漏洞排查处置工单 | P35: 任务工作台/运营中心/系统漏洞排查处置工单
E36: 专项检测任务列表查询 | G36: 汤凤欣 | H36: 合同功能 | K36: 任务工作台/运营中心/系统漏洞排查处置工单 | P36: 任务工作台/运营中心/系统漏洞排查处置工单
E37: 专项检测任务基础信息查看 | G37: 汤凤欣 | H37: 合同功能 | K37: 任务工作台/运营中心/系统漏洞排查处置工单 | P37: 任务工作台/运营中心/系统漏洞排查处置工单
E38: 专项检测资产范围列表查看 | G38: 汤凤欣 | H38: 合同功能 | K38: 任务工作台/运营中心/系统漏洞排查处置工单 | P38: 任务工作台/运营中心/系统漏洞排查处置工单
E39: 专项检测佐证材料列表查看 | G39: 汤凤欣 | H39: 合同功能 | K39: 任务工作台/运营中心/系统漏洞排查处置工单 | P39: 任务工作台/运营中心/系统漏洞排查处置工单
E40: 专项检测安全设备范围列表查看 | G40: 汤凤欣 | H40: 合同功能 | K40: 任务工作台/运营中心/系统漏洞排查处置工单 | P40: 任务工作台/运营中心/系统漏洞排查处置工单
E41: 专项检测任务周期信息查看 | G41: 汤凤欣 | H41: 合同功能 | K41: 任务工作台/运营中心/系统漏洞排查处置工单 | P41: 任务工作台/运营中心/系统漏洞排查处置工单
E42: 专项检测任务删除 | G42: 汤凤欣 | H42: 合同功能 | K42: 任务工作台/运营中心/系统漏洞排查处置工单 | P42: 任务工作台/运营中心/系统漏洞排查处置工单
E43: 专项检测处理方式编辑 | G43: 汤凤欣 | H43: 合同功能 | K43: 任务工作台/运营中心/系统漏洞排查处置工单 | P43: 任务工作台/运营中心/系统漏洞排查处置工单
... E46: 专项检测结果扫描进度展示 | G46: 汤凤欣 | H46: 合同功能 | K46: 任务工作台/运营中心/系统漏洞排查处置工单 | P46: 任务工作台/运营中心/系统漏洞排查处置工单
E47: 专项检测结果资产漏洞分布统计 | G47: 汤凤欣 | H47: 合同功能
E48: 专项检测结果优先级分布统计 | G48: 汤凤欣 | H48: 合同功能
E49: 专项检测结果影响资产数统计 | G49: 汤凤欣 | H49: 合同功能
E50: 系统漏洞验证任务查询 | G50: 汤凤欣 | H50: 合同功能 | K50: 漏洞生命周期管理/产品漏洞管理/漏洞验证管理 | P50: 漏洞生命周期管理/产品漏洞管理/漏洞验证管理
E51: 系统漏洞验证目标编辑 | G51: 汤凤欣 | H51: 合同功能 | K51: 漏洞生命周期管理/产品漏洞管理/漏洞验证管理 | P51: 漏洞生命周期管理/产品漏洞管理/漏洞验证管理
E52: 系统漏洞验证类型编辑 | G52: 汤凤欣 | H52: 合同功能 | K52: 漏洞生命周期管理/产品漏洞管理/漏洞验证管理 | P52: 漏洞生命周期管理/产品漏洞管理/漏洞验证管理
E53: 系统漏洞验证原理类型编辑 | G53: 汤凤欣 | H53: 合同功能 | K53: 漏洞生命周期管理/产品漏洞管理/漏洞验证管理 | P53: 漏洞生命周期管理/产品漏洞管理/漏洞验证管理
E54: 系统漏洞验证靶标编辑 | G54: 汤凤欣 | H54: 合同功能 | K54: 漏洞生命周期管理/产品漏洞管理/漏洞验证管理 | P54: 漏洞生命周期管理/产品漏洞管理/漏洞验证管理
E55: 系统漏洞验证安全资源编辑 | G55: 汤凤欣 | H55: 合同功能 | K55: 漏洞生命周期管理/产品漏洞管理/漏洞验证管理 | P55: 漏洞生命周期管理/产品漏洞管理/漏洞验证管理
E56: 系统漏洞验证指纹插件编辑 | G56: 汤凤欣 | H56: 合同功能 | K56: 漏洞生命周期管理/产品漏洞管理/漏洞验证管理 | P56: 漏洞生命周期管理/产品漏洞管理/漏洞验证管理
E57: 系统漏洞验证任务删除 | G57: 汤凤欣 | H57: 合同功能 | K57: 漏洞生命周期管理/产品漏洞管理/漏洞验证管理 | P57: 漏洞生命周期管理/产品漏洞管理/漏洞验证管理
E58: 系统漏洞验证基础信息查看 | G58: 汤凤欣 | H58: 合同功能 | K58: 漏洞生命周期管理/产品漏洞管理/漏洞验证管理 | P58: 漏洞生命周期管理/产品漏洞管理/漏洞验证管理
E59: 系统漏洞验证扫描目标查看 | G59: 汤凤欣 | H59: 合同功能 | K59: 漏洞生命周期管理/产品漏洞管理/漏洞验证管理 | P59: 漏洞生命周期管理/产品漏洞管理/漏洞验证管理
E60: 系统漏洞验证任务总数统计 | G60: 汤凤欣 | H60: 合同功能 | K60: 漏洞生命周期管理/产品漏洞管理/漏洞验证管理 | P60: 漏洞生命周期管理/产品漏洞管理/漏洞验证管理
E61: 系统漏洞验证已完成任务数统计 | G61: 汤凤欣 | H61: 合同功能 | K61: 漏洞生命周期管理/产品漏洞管理/漏洞验证管理 | P61: 漏洞生命周期管理/产品漏洞管理/漏洞验证管理
... E90: 安全资源扫描器信息删除 | G90: 汤凤欣 | H90: 合同功能 | K90: 漏洞生命周期管理/安全配置管理/安全设备资源 | P90: 漏洞生命周期管理/安全配置管理/安全设备资源
D91: 双模关联分析匹配 | E91: 专项任务精准模式关联分析匹配 | G91: 汤凤欣 | H91: 合同功能 | K91: 漏洞生命周期管理/安全配置管理/上报资产信息 | P91: 漏洞生命周期管理/安全配置管理/上报资产信息
E92: 专项任务模糊模式关联分析匹配 | G92: 汤凤欣 | H92: 合同功能 | K92: 漏洞生命周期管理/安全配置管理/上报资产信息 | P92: 漏洞生命周期管理/安全配置管理/上报资产信息
E93: 上报资产信息查询 | G93: 汤凤欣 | H93: 合同功能 | K93: 漏洞生命周期管理/安全配置管理/上报资产信息 | P93: 漏洞生命周期管理/安全配置管理/上报资产信息
E94: 资产指纹纠偏 | G94: 汤凤欣 | H94: 合同功能 | K94: 漏洞生命周期管理/安全配置管理/上报资产信息 | P94: 漏洞生命周期管理/安全配置管理/上报资产信息
E95: 上报资产导入 | G95: 汤凤欣 | H95: 合同功能 | K95: 漏洞生命周期管理/安全配置管理/上报资产信息 | P95: 漏洞生命周期管理/安全配置管理/上报资产信息
E96: 上报资产模版导出 | G96: 汤凤欣 | H96: 合同功能 | K96: 漏洞生命周期管理/安全配置管理/上报资产信息 | P96: 漏洞生命周期管理/安全配置管理/上报资产信息
E97: 靶标资产信息导出 | G97: 汤凤欣 | H97: 合同功能 | K97: 漏洞生命周期管理/安全配置管理/上报资产信息 | P97: 漏洞生命周期管理/安全配置管理/上报资产信息
E98: 上报资产详情查看 | G98: 汤凤欣 | H98: 合同功能 | K98: 漏洞生命周期管理/安全配置管理/上报资产信息 | P98: 漏洞生命周期管理/安全配置管理/上报资产信息
E99: 全量资产数量统计 | G99: 汤凤欣 | H99: 合同功能
E100: 上报资产数量统计 | G100: 汤凤欣 | H100: 合同功能
E101: 数据构造资产数量统计 | G101: 汤凤欣 | H101: 合同功能
E102: 靶标资产数量统计 | G102: 汤凤欣 | H102: 合同功能
E103: 内网资产数量统计 | G103: 汤凤欣 | H103: 合同功能
E104: 外网资产数量统计 | G104: 汤凤欣 | H104: 合同功能
E105: 数据类型列表查询 | G105: 汤凤欣 | H105: 合同功能 | K105: 基础信息/数据管理/数据类型管理 | P105: 基础信息/数据管理/数据类型管理
E106: 数据类型详情查看 | G106: 汤凤欣 | H106: 合同功能 | K106: 基础信息/数据管理/数据类型管理 | P106: 基础信息/数据管理/数据类型管理
E107: 数据类型启用 | G107: 汤凤欣 | H107: 合同功能 | K107: 基础信息/数据管理/数据类型管理 | P107: 基础信息/数据管理/数据类型管理
E108: 数据类型新增 | G108: 汤凤欣 | H108: 合同功能 | K108: 基础信息/数据管理/数据类型管理 | P108: 基础信息/数据管理/数据类型管理
E109: 数据类型修改 | G109: 汤凤欣 | H109: 合同功能 | K109: 基础信息/数据管理/数据类型管理 | P109: 基础信息/数据管理/数据类型管理
E110: 数据类型删除 | G110: 汤凤欣 | H110: 合同功能 | K110: 基础信息/数据管理/数据类型管理 | P110: 基础信息/数据管理/数据类型管理
E111: 资产信息查询 | G111: 汤凤欣 | H111: 合同功能 | K111: 信息化资产管理-资产管理-资产信息管理 | P111: 信息化资产管理-资产管理-资产信息管理
E112: 资产信息新增 | G112: 汤凤欣 | H112: 合同功能 | K112: 信息化资产管理-资产管理-资产信息管理 | P112: 信息化资产管理-资产管理-资产信息管理
E113: 资产信息修改 | G113: 汤凤欣 | H113: 合同功能 | K113: 信息化资产管理-资产管理-资产信息管理 | P113: 信息化资产管理-资产管理-资产信息管理
E114: 资产信息删除 | G114: 汤凤欣 | H114: 合同功能 | K114: 信息化资产管理-资产管理-资产信息管理 | P114: 信息化资产管理-资产管理-资产信息管理
E115: 资产信息导入 | G115: 汤凤欣 | H115: 合同功能 | K115: 信息化资产管理-资产管理-资产信息管理 | P115: 信息化资产管理-资产管理-资产信息管理
E116: 资产信息批量属性修改 | G116: 汤凤欣 | H116: 合同功能 | K116: 信息化资产管理-资产管理-资产信息管理 | P116: 信息化资产管理-资产管理-资产信息管理
... E137: 资产机柜信息删除 | G137: 汤凤欣 | H137: 合同功能 | K137: 基础信息-基础信息管理-机房管理 | P137: 基础信息-基础信息管理-机房管理
D138: 任务参数自动识别与匹配 | E138: 查看专项检测工单漏洞范围信息 | G138: 汤凤欣 | H138: 合同功能 | K138: 任务工作台/运营中心/系统漏洞排查处置工单 | P138: 任务工作台/运营中心/系统漏洞排查处置工单
E139: 查看专项检测工单口令字典范围信息 | G139: 汤凤欣 | H139: 合同功能 | K139: 任务工作台/运营中心/系统漏洞排查处置工单 | P139: 任务工作台/运营中心/系统漏洞排查处置工单
E140: 查看专项检测工单资产范围信息 | G140: 汤凤欣 | H140: 合同功能 | K140: 任务工作台/运营中心/系统漏洞排查处置工单 | P140: 任务工作台/运营中心/系统漏洞排查处置工单
E141: 查询漏洞名单列表 | G141: 汤凤欣 | H141: 合同功能 | K141: 漏洞生命周期管理/产品漏洞管理/漏洞名单管理 | P141: 漏洞生命周期管理/产品漏洞管理/漏洞名单管理
E142: 添加漏洞名单 | G142: 汤凤欣 | H142: 合同功能 | K142: 漏洞生命周期管理/产品漏洞管理/漏洞名单管理 | P142: 漏洞生命周期管理/产品漏洞管理/漏洞名单管理
E143: 修改漏洞名单 | G143: 汤凤欣 | H143: 合同功能 | K143: 漏洞生命周期管理/产品漏洞管理/漏洞名单管理 | P143: 漏洞生命周期管理/产品漏洞管理/漏洞名单管理
E144: 删除漏洞名单 | G144: 汤凤欣 | H144: 合同功能 | K144: 漏洞生命周期管理/产品漏洞管理/漏洞名单管理 | P144: 漏洞生命周期管理/产品漏洞管理/漏洞名单管理
E145: 导出漏洞名单 | G145: 汤凤欣 | H145: 合同功能 | K145: 漏洞生命周期管理/产品漏洞管理/漏洞名单管理 | P145: 漏洞生命周期管理/产品漏洞管理/漏洞名单管理
E146: 导入漏洞名单 | G146: 汤凤欣 | H146: 合同功能 | K146: 漏洞生命周期管理/产品漏洞管理/漏洞名单管理 | P146: 漏洞生命周期管理/产品漏洞管理/漏洞名单管理
E147: 查询资产名单列表 | G147: 汤凤欣 | H147: 合同功能 | K147: 信息化资产管理/资产管理/资产名单管理 | P147: 信息化资产管理/资产管理/资产名单管理
E148: 新增资产名单信息 | G148: 汤凤欣 | H148: 合同功能 | K148: 信息化资产管理/资产管理/资产名单管理 | P148: 信息化资产管理/资产管理/资产名单管理
E149: 编辑资产名单信息 | G149: 汤凤欣 | H149: 合同功能 | K149: 信息化资产管理/资产管理/资产名单管理 | P149: 信息化资产管理/资产管理/资产名单管理
E150: 编辑资产名单资产范围 | G150: 汤凤欣 | H150: 合同功能 | K150: 信息化资产管理/资产管理/资产名单管理 | P150: 信息化资产管理/资产管理/资产名单管理
...

Sheet 青海功能清单
A1: 一级模块 | B1: 二级模块 | C1: 三级模块 | D1: 功能过程 | E1: 版本标识 | F1: 交付情况 | G1: 菜单/路径(完成必填) | H1: 功能操作 | I1: 界面截图 | J1: 备注
A2: 工单指令接收及数据上报 | B2: 工单指令及上报接口报文修改 | C2: 漏洞业务场景管理 | D2: 查询自定义业务场景 | E2: ==VLOOKUP(D2,'2025期功能研发汇总表'!E:S,10,FALSE) -> 未发版 | G2: ==VLOOKUP(D2,'2025期功能研发汇总表'!E:S,7,FALSE) -> 运营·深耕/场景事务与溯源/漏洞业务场景管理 | H2: ==VLOOKUP(D2,'2025期功能研发汇总表'!E:S,8,FALSE) -> 0 | I2: ==VLOOKUP(D2,'2025期功能研发汇总表'!E:S,9,FALSE) -> 0 | J2: ==VLOOKUP(D2,'2025期功能研发汇总表'!E:S,3,FALSE) -> 汤凤欣
D3: 添加自定义业务场景 | E3: ==VLOOKUP(D3,'2025期功能研发汇总表'!E:S,10,FALSE) -> 未发版 | G3: ==VLOOKUP(D3,'2025期功能研发汇总表'!E:S,7,FALSE) -> 运营·深耕/场景事务与溯源/漏洞业务场景管理 | H3: ==VLOOKUP(D3,'2025期功能研发汇总表'!E:S,8,FALSE) -> 0 | I3: ==VLOOKUP(D3,'2025期功能研发汇总表'!E:S,9,FALSE) -> 0 | J3: ==VLOOKUP(D3,'2025期功能研发汇总表'!E:S,3,FALSE) -> 汤凤欣
D4: 编辑自定义业务场景 | E4: ==VLOOKUP(D4,'2025期功能研发汇总表'!E:S,10,FALSE) -> 未发版 | G4: ==VLOOKUP(D4,'2025期功能研发汇总表'!E:S,7,FALSE) -> 运营·深耕/场景事务与溯源/漏洞业务场景管理 | H4: ==VLOOKUP(D4,'2025期功能研发汇总表'!E:S,8,FALSE) -> 0 | I4: ==VLOOKUP(D4,'2025期功能研发汇总表'!E:S,9,FALSE) -> 0 | J4: ==VLOOKUP(D4,'2025期功能研发汇总表'!E:S,3,FALSE) -> 汤凤欣
D5: 删除自定义业务场景 | E5: ==VLOOKUP(D5,'2025期功能研发汇总表'!E:S,10,FALSE) -> 未发版 | G5: ==VLOOKUP(D5,'2025期功能研发汇总表'!E:S,7,FALSE) -> 运营·深耕/场景事务与溯源/漏洞业务场景管理 | H5: ==VLOOKUP(D5,'2025期功能研发汇总表'!E:S,8,FALSE) -> 0 | I5: ==VLOOKUP(D5,'2025期功能研发汇总表'!E:S,9,FALSE) -> 0 | J5: ==VLOOKUP(D5,'2025期功能研发汇总表'!E:S,3,FALSE) -> 汤凤欣
D6: 自定义业务场景启停 | E6: ==VLOOKUP(D6,'2025期功能研发汇总表'!E:S,10,FALSE) -> 未发版 | G6: ==VLOOKUP(D6,'2025期功能研发汇总表'!E:S,7,FALSE) -> 运营·深耕/场景事务与溯源/漏洞业务场景管理 | H6: ==VLOOKUP(D6,'2025期功能研发汇总表'!E:S,8,FALSE) -> 0 | I6: ==VLOOKUP(D6,'2025期功能研发汇总表'!E:S,9,FALSE) -> 0 | J6: ==VLOOKUP(D6,'2025期功能研发汇总表'!E:S,3,FALSE) -> 汤凤欣
D7: 业务场景数据导出 | E7: ==VLOOKUP(D7,'2025期功能研发汇总表'!E:S,10,FALSE) -> 未发版 | G7: ==VLOOKUP(D7,'2025期功能研发汇总表'!E:S,7,FALSE) -> 运营·深耕/场景事务与溯源/漏洞业务场景管理 | H7: ==VLOOKUP(D7,'2025期功能研发汇总表'!E:S,8,FALSE) -> 0 | I7: ==VLOOKUP(D7,'2025期功能研发汇总表'!E:S,9,FALSE) -> 0 | J7: ==VLOOKUP(D7,'2025期功能研发汇总表'!E:S,3,FALSE) -> 汤凤欣
D8: 配置执行流程策略 | E8: ==VLOOKUP(D8,'2025期功能研发汇总表'!E:S,10,FALSE) -> 未发版 | G8: ==VLOOKUP(D8,'2025期功能研发汇总表'!E:S,7,FALSE) -> 运营·深耕/场景事务与溯源/漏洞业务场景管理 | H8: ==VLOOKUP(D8,'2025期功能研发汇总表'!E:S,8,FALSE) -> 0 | I8: ==VLOOKUP(D8,'2025期功能研发汇总表'!E:S,9,FALSE) -> 0 | J8: ==VLOOKUP(D8,'2025期功能研发汇总表'!E:S,3,FALSE) -> 汤凤欣
C9: 场景事务关联分析 | D9: 分析漏洞场景影响 | E9: ==VLOOKUP(D9,'2025期功能研发汇总表'!E:S,10,FALSE) -> 未发版 | G9: ==VLOOKUP(D9,'2025期功能研发汇总表'!E:S,7,FALSE) -> 运营·深耕/场景事务与溯源/场景事务关联分析 | H9: ==VLOOKUP(D9,'2025期功能研发汇总表'!E:S,8,FALSE) -> 0 | I9: ==VLOOKUP(D9,'2025期功能研发汇总表'!E:S,9,FALSE) -> 0 | J9: ==VLOOKUP(D9,'2025期功能研发汇总表'!E:S,3,FALSE) -> 汤凤欣
C10: 场景风险预警 | D10: 生成漏洞风险防御建议 | E10: ==VLOOKUP(D10,'2025期功能研发汇总表'!E:S,10,FALSE) -> 未发版 | G10: ==VLOOKUP(D10,'2025期功能研发汇总表'!E:S,7,FALSE) -> 运营·深耕/场景事务与溯源/场景风险预警 | H10: ==VLOOKUP(D10,'2025期功能研发汇总表'!E:S,8,FALSE) -> 0 | I10: ==VLOOKUP(D10,'2025期功能研发汇总表'!E:S,9,FALSE) -> 0 | J10: ==VLOOKUP(D10,'2025期功能研发汇总表'!E:S,3,FALSE) -> 汤凤欣
C11: 场景事务看板 | D11: 修复失败原因漏洞统计 | E11: ==VLOOKUP(D11,'2025期功能研发汇总表'!E:S,10,FALSE) -> 未发版 | G11: ==VLOOKUP(D11,'2025期功能研发汇总表'!E:S,7,FALSE) -> 运营·深耕/场景事务与溯源/场景事务看板 | H11: ==VLOOKUP(D11,'2025期功能研发汇总表'!E:S,8,FALSE) -> 卡片视图，数值数据库可配置，配套插入更新中的chart_operation_model库里的表记录，执行select * from data_view_show where view_type = '场景事务看板' 根据现场情况 修改show_x对应的show_y 列数值 | I11: ==VLOOKUP(D11,'2025期功能研发汇总表'!E:S,9,FALSE) -> 0 | J11: ==VLOOKUP(D11,'2025期功能研发汇总表'!E:S,3,FALSE) -> 汤凤欣
D12: 入口系统漏洞数统计 | E12: ==VLOOKUP(D12,'2025期功能研发汇总表'!E:S,10,FALSE) -> 未发版 | G12: ==VLOOKUP(D12,'2025期功能研发汇总表'!E:S,7,FALSE) -> 运营·深耕/场景事务与溯源/场景事务看板 | H12: ==VLOOKUP(D12,'2025期功能研发汇总表'!E:S,8,FALSE) -> 0 | I12: ==VLOOKUP(D12,'2025期功能研发汇总表'!E:S,9,FALSE) -> 0 | J12: ==VLOOKUP(D12,'2025期功能研发汇总表'!E:S,3,FALSE) -> 汤凤欣
D13: 关联分析覆盖数统计 | E13: ==VLOOKUP(D13,'2025期功能研发汇总表'!E:S,10,FALSE) -> 未发版 | G13: ==VLOOKUP(D13,'2025期功能研发汇总表'!E:S,7,FALSE) -> 运营·深耕/场景事务与溯源/场景事务看板 | H13: ==VLOOKUP(D13,'2025期功能研发汇总表'!E:S,8,FALSE) -> 前端other工程 | I13: ==VLOOKUP(D13,'2025期功能研发汇总表'!E:S,9,FALSE) -> 0 | J13: ==VLOOKUP(D13,'2025期功能研发汇总表'!E:S,3,FALSE) -> 汤凤欣
D14: 已扫描产品漏洞统计 | E14: ==VLOOKUP(D14,'2025期功能研发汇总表'!E:S,10,FALSE) -> 未发版 | G14: ==VLOOKUP(D14,'2025期功能研发汇总表'!E:S,7,FALSE) -> 运营·深耕/场景事务与溯源/场景事务看板 | H14: ==VLOOKUP(D14,'2025期功能研发汇总表'!E:S,8,FALSE) -> 0 | I14: ==VLOOKUP(D14,'2025期功能研发汇总表'!E:S,9,FALSE) -> 0 | J14: ==VLOOKUP(D14,'2025期功能研发汇总表'!E:S,3,FALSE) -> 汤凤欣
D15: 已扫描口令字典统计 | E15: ==VLOOKUP(D15,'2025期功能研发汇总表'!E:S,10,FALSE) -> 未发版 | G15: ==VLOOKUP(D15,'2025期功能研发汇总表'!E:S,7,FALSE) -> 运营·深耕/场景事务与溯源/场景事务看板 | H15: ==VLOOKUP(D15,'2025期功能研发汇总表'!E:S,8,FALSE) -> 0 | I15: ==VLOOKUP(D15,'2025期功能研发汇总表'!E:S,9,FALSE) -> 0 | J15: ==VLOOKUP(D15,'2025期功能研发汇总表'!E:S,3,FALSE) -> 汤凤欣
D16: 应扫描产品漏洞统计 | E16: ==VLOOKUP(D16,'2025期功能研发汇总表'!E:S,10,FALSE) -> 未发版 | G16: ==VLOOKUP(D16,'2025期功能研发汇总表'!E:S,7,FALSE) -> 运营·深耕/场景事务与溯源/场景事务看板 | H16: ==VLOOKUP(D16,'2025期功能研发汇总表'!E:S,8,FALSE) -> 0 | I16: ==VLOOKUP(D16,'2025期功能研发汇总表'!E:S,9,FALSE) -> 0 | J16: ==VLOOKUP(D16,'2025期功能研发汇总表'!E:S,3,FALSE) -> 汤凤欣
D17: 应扫描口令字典统计 | E17: ==VLOOKUP(D17,'2025期功能研发汇总表'!E:S,10,FALSE) -> 未发版 | G17: ==VLOOKUP(D17,'2025期功能研发汇总表'!E:S,7,FALSE) -> 运营·深耕/场景事务与溯源/场景事务看板 | H17: ==VLOOKUP(D17,'2025期功能研发汇总表'!E:S,8,FALSE) -> 0 | I17: ==VLOOKUP(D17,'2025期功能研发汇总表'!E:S,9,FALSE) -> 0 | J17: ==VLOOKUP(D17,'2025期功能研发汇总表'!E:S,3,FALSE) -> 汤凤欣
D18: 漏洞扫描任务应覆盖资产总数统计 | E18: ==VLOOKUP(D18,'2025期功能研发汇总表'!E:S,10,FALSE) -> 未发版 | G18: ==VLOOKUP(D18,'2025期功能研发汇总表'!E:S,7,FALSE) -> 运营·深耕/场景事务与溯源/场景事务看板 | H18: ==VLOOKUP(D18,'2025期功能研发汇总表'!E:S,8,FALSE) -> 0 | I18: ==VLOOKUP(D18,'2025期功能研发汇总表'!E:S,9,FALSE) -> 0 | J18: ==VLOOKUP(D18,'2025期功能研发汇总表'!E:S,3,FALSE) -> 汤凤欣
D19: 弱口令扫描应覆盖资产数统计 | E19: ==VLOOKUP(D19,'2025期功能研发汇总表'!E:S,10,FALSE) -> 未发版 | G19: ==VLOOKUP(D19,'2025期功能研发汇总表'!E:S,7,FALSE) -> 运营·深耕/场景事务与溯源/场景事务看板 | H19: ==VLOOKUP(D19,'2025期功能研发汇总表'!E:S,8,FALSE) -> 0 | I19: ==VLOOKUP(D19,'2025期功能研发汇总表'!E:S,9,FALSE) -> 0 | J19: ==VLOOKUP(D19,'2025期功能研发汇总表'!E:S,3,FALSE) -> 汤凤欣
D20: 待验证系统漏洞统计 | E20: ==VLOOKUP(D20,'2025期功能研发汇总表'!E:S,10,FALSE) -> 未发版 | G20: ==VLOOKUP(D20,'2025期功能研发汇总表'!E:S,7,FALSE) -> 运营·深耕/场景事务与溯源/场景事务看板 | H20: ==VLOOKUP(D20,'2025期功能研发汇总表'!E:S,8,FALSE) -> 0 | I20: ==VLOOKUP(D20,'2025期功能研发汇总表'!E:S,9,FALSE) -> 0 | J20: ==VLOOKUP(D20,'2025期功能研发汇总表'!E:S,3,FALSE) -> 汤凤欣
D21: 验证有效系统漏洞数统计 | E21: ==VLOOKUP(D21,'2025期功能研发汇总表'!E:S,10,FALSE) -> 未发版 | G21: ==VLOOKUP(D21,'2025期功能研发汇总表'!E:S,7,FALSE) -> 运营·深耕/场景事务与溯源/场景事务看板 | H21: ==VLOOKUP(D21,'2025期功能研发汇总表'!E:S,8,FALSE) -> 0 | I21: ==VLOOKUP(D21,'2025期功能研发汇总表'!E:S,9,FALSE) -> 0 | J21: ==VLOOKUP(D21,'2025期功能研发汇总表'!E:S,3,FALSE) -> 汤凤欣
D22: 未排查资产数量统计 | E22: ==VLOOKUP(D22,'2025期功能研发汇总表'!E:S,10,FALSE) -> 未发版 | G22: ==VLOOKUP(D22,'2025期功能研发汇总表'!E:S,7,FALSE) -> 运营·深耕/场景事务与溯源/场景事务看板 | H22: ==VLOOKUP(D22,'2025期功能研发汇总表'!E:S,8,FALSE) -> 0 | I22: ==VLOOKUP(D22,'2025期功能研发汇总表'!E:S,9,FALSE) -> 0 | J22: ==VLOOKUP(D22,'2025期功能研发汇总表'!E:S,3,FALSE) -> 汤凤欣
D23: 未闭环系统漏洞统计 | E23: ==VLOOKUP(D23,'2025期功能研发汇总表'!E:S,10,FALSE) -> 未发版 | G23: ==VLOOKUP(D23,'2025期功能研发汇总表'!E:S,7,FALSE) -> 运营·深耕/场景事务与溯源/场景事务看板 | H23: ==VLOOKUP(D23,'2025期功能研发汇总表'!E:S,8,FALSE) -> 0 | I23: ==VLOOKUP(D23,'2025期功能研发汇总表'!E:S,9,FALSE) -> 0 | J23: ==VLOOKUP(D23,'2025期功能研发汇总表'!E:S,3,FALSE) -> 汤凤欣
... D27: 误报系统漏洞数统计 | E27: ==VLOOKUP(D27,'2025期功能研发汇总表'!E:S,10,FALSE) -> 未发版 | G27: ==VLOOKUP(D27,'2025期功能研发汇总表'!E:S,7,FALSE) -> 运营·深耕/场景事务与溯源/场景事务看板 | H27: ==VLOOKUP(D27,'2025期功能研发汇总表'!E:S,8,FALSE) -> 0 | I27: ==VLOOKUP(D27,'2025期功能研发汇总表'!E:S,9,FALSE) -> 0 | J27: ==VLOOKUP(D27,'2025期功能研发汇总表'!E:S,3,FALSE) -> 汤凤欣
C28: 效能指标度量 | D28: VPT风险等级统计 | E28: ==VLOOKUP(D28,'2025期功能研发汇总表'!E:S,10,FALSE) -> 未发版 | G28: ==VLOOKUP(D28,'2025期功能研发汇总表'!E:S,7,FALSE) -> 运营·深耕/场景事务与溯源/效能指标度量 | H28: ==VLOOKUP(D28,'2025期功能研发汇总表'!E:S,8,FALSE) -> 0 | I28: ==VLOOKUP(D28,'2025期功能研发汇总表'!E:S,9,FALSE) -> 0 | J28: ==VLOOKUP(D28,'2025期功能研发汇总表'!E:S,3,FALSE) -> 汤凤欣
D29: 产品漏洞覆盖率统计 | E29: ==VLOOKUP(D29,'2025期功能研发汇总表'!E:S,10,FALSE) -> 未发版 | G29: ==VLOOKUP(D29,'2025期功能研发汇总表'!E:S,7,FALSE) -> 运营·深耕/场景事务与溯源/效能指标度量 | H29: ==VLOOKUP(D29,'2025期功能研发汇总表'!E:S,8,FALSE) -> 0 | I29: ==VLOOKUP(D29,'2025期功能研发汇总表'!E:S,9,FALSE) -> 0 | J29: ==VLOOKUP(D29,'2025期功能研发汇总表'!E:S,3,FALSE) -> 汤凤欣
D30: 弱口令扫描检测周期统计 | E30: ==VLOOKUP(D30,'2025期功能研发汇总表'!E:S,10,FALSE) -> 未发版 | G30: ==VLOOKUP(D30,'2025期功能研发汇总表'!E:S,7,FALSE) -> 运营·深耕/场景事务与溯源/效能指标度量 | H30: ==VLOOKUP(D30,'2025期功能研发汇总表'!E:S,8,FALSE) -> 0 | I30: ==VLOOKUP(D30,'2025期功能研发汇总表'!E:S,9,FALSE) -> 0 | J30: ==VLOOKUP(D30,'2025期功能研发汇总表'!E:S,3,FALSE) -> 汤凤欣
D31: 弱口令扫描资产覆盖率统计 | E31: ==VLOOKUP(D31,'2025期功能研发汇总表'!E:S,10,FALSE) -> 未发版 | G31: ==VLOOKUP(D31,'2025期功能研发汇总表'!E:S,7,FALSE) -> 运营·深耕/场景事务与溯源/效能指标度量 | H31: ==VLOOKUP(D31,'2025期功能研发汇总表'!E:S,8,FALSE) -> 0 | I31: ==VLOOKUP(D31,'2025期功能研发汇总表'!E:S,9,FALSE) -> 0 | J31: ==VLOOKUP(D31,'2025期功能研发汇总表'!E:S,3,FALSE) -> 汤凤欣
D32: 弱口令覆盖率统计 | E32: ==VLOOKUP(D32,'2025期功能研发汇总表'!E:S,10,FALSE) -> 未发版 | G32: ==VLOOKUP(D32,'2025期功能研发汇总表'!E:S,7,FALSE) -> 运营·深耕/场景事务与溯源/效能指标度量 | H32: ==VLOOKUP(D32,'2025期功能研发汇总表'!E:S,8,FALSE) -> 0 | I32: ==VLOOKUP(D32,'2025期功能研发汇总表'!E:S,9,FALSE) -> 0 | J32: ==VLOOKUP(D32,'2025期功能研发汇总表'!E:S,3,FALSE) -> 汤凤欣
D33: 有效漏洞率统计 | E33: ==VLOOKUP(D33,'2025期功能研发汇总表'!E:S,10,FALSE) -> 未发版 | G33: ==VLOOKUP(D33,'2025期功能研发汇总表'!E:S,7,FALSE) -> 运营·深耕/场景事务与溯源/效能指标度量 | H33: ==VLOOKUP(D33,'2025期功能研发汇总表'!E:S,8,FALSE) -> 0 | I33: ==VLOOKUP(D33,'2025期功能研发汇总表'!E:S,9,FALSE) -> 0 | J33: ==VLOOKUP(D33,'2025期功能研发汇总表'!E:S,3,FALSE) -> 汤凤欣
D34: 未排查原因比例统计 | E34: ==VLOOKUP(D34,'2025期功能研发汇总表'!E:S,10,FALSE) -> 未发版 | G34: ==VLOOKUP(D34,'2025期功能研发汇总表'!E:S,7,FALSE) -> 运营·深耕/场景事务与溯源/效能指标度量 | H34: ==VLOOKUP(D34,'2025期功能研发汇总表'!E:S,8,FALSE) -> 0 | I34: ==VLOOKUP(D34,'2025期功能研发汇总表'!E:S,9,FALSE) -> 0 | J34: ==VLOOKUP(D34,'2025期功能研发汇总表'!E:S,3,FALSE) -> 汤凤欣
D35: 未闭环漏洞一致率统计 | E35: ==VLOOKUP(D35,'2025期功能研发汇总表'!E:S,10,FALSE) -> 未发版 | G35: ==VLOOKUP(D35,'2025期功能研发汇总表'!E:S,7,FALSE) -> 运营·深耕/场景事务与溯源/效能指标度量 | H35: ==VLOOKUP(D35,'2025期功能研发汇总表'!E:S,8,FALSE) -> 0 | I35: ==VLOOKUP(D35,'2025期功能研发汇总表'!E:S,9,FALSE) -> 0 | J35: ==VLOOKUP(D35,'2025期功能研发汇总表'!E:S,3,FALSE) -> 汤凤欣
D36: 漏洞修复成功率统计 | E36: ==VLOOKUP(D36,'2025期功能研发汇总表'!E:S,10,FALSE) -> 未发版 | G36: ==VLOOKUP(D36,'2025期功能研发汇总表'!E:S,7,FALSE) -> 运营·深耕/场景事务与溯源/效能指标度量 | H36: ==VLOOKUP(D36,'2025期功能研发汇总表'!E:S,8,FALSE) -> 0 | I36: ==VLOOKUP(D36,'2025期功能研发汇总表'!E:S,9,FALSE) -> 0 | J36: ==VLOOKUP(D36,'2025期功能研发汇总表'!E:S,3,FALSE) -> 汤凤欣
D37: 漏洞关联分析资产覆盖率统计 | E37: ==VLOOKUP(D37,'2025期功能研发汇总表'!E:S,10,FALSE) -> 未发版 | G37: ==VLOOKUP(D37,'2025期功能研发汇总表'!E:S,7,FALSE) -> 运营·深耕/场景事务与溯源/效能指标度量 | H37: ==VLOOKUP(D37,'2025期功能研发汇总表'!E:S,8,FALSE) -> 0 | I37: ==VLOOKUP(D37,'2025期功能研发汇总表'!E:S,9,FALSE) -> 0 | J37: ==VLOOKUP(D37,'2025期功能研发汇总表'!E:S,3,FALSE) -> 汤凤欣
D38: 漏洞初始修复率统计 | E38: ==VLOOKUP(D38,'2025期功能研发汇总表'!E:S,10,FALSE) -> 未发版 | G38: ==VLOOKUP(D38,'2025期功能研发汇总表'!E:S,7,FALSE) -> 运营·深耕/场景事务与溯源/效能指标度量 | H38: ==VLOOKUP(D38,'2025期功能研发汇总表'!E:S,8,FALSE) -> 0 | I38: ==VLOOKUP(D38,'2025期功能研发汇总表'!E:S,9,FALSE) -> 0 | J38: ==VLOOKUP(D38,'2025期功能研发汇总表'!E:S,3,FALSE) -> 汤凤欣
D39: 漏洞失败原因比例统计 | E39: ==VLOOKUP(D39,'2025期功能研发汇总表'!E:S,10,FALSE) -> 未发版 | G39: ==VLOOKUP(D39,'2025期功能研发汇总表'!E:S,7,FALSE) -> 运营·深耕/场景事务与溯源/效能指标度量 | H39: ==VLOOKUP(D39,'2025期功能研发汇总表'!E:S,8,FALSE) -> 0 | I39: ==VLOOKUP(D39,'2025期功能研发汇总表'!E:S,9,FALSE) -> 0 | J39: ==VLOOKUP(D39,'2025期功能研发汇总表'!E:S,3,FALSE) -> 汤凤欣
D40: 漏洞平均修复时间(已验证)统计 | E40: ==VLOOKUP(D40,'2025期功能研发汇总表'!E:S,10,FALSE) -> 未发版 | G40: ==VLOOKUP(D40,'2025期功能研发汇总表'!E:S,7,FALSE) -> 运营·深耕/场景事务与溯源/效能指标度量 | H40: ==VLOOKUP(D40,'2025期功能研发汇总表'!E:S,8,FALSE) -> 0 | I40: ==VLOOKUP(D40,'2025期功能研发汇总表'!E:S,9,FALSE) -> 0 | J40: ==VLOOKUP(D40,'2025期功能研发汇总表'!E:S,3,FALSE) -> 汤凤欣
... D43: 漏洞误报率统计 | E43: ==VLOOKUP(D43,'2025期功能研发汇总表'!E:S,10,FALSE) -> 未发版 | G43: ==VLOOKUP(D43,'2025期功能研发汇总表'!E:S,7,FALSE) -> 运营·深耕/场景事务与溯源/效能指标度量 | H43: ==VLOOKUP(D43,'2025期功能研发汇总表'!E:S,8,FALSE) -> 0 | I43: ==VLOOKUP(D43,'2025期功能研发汇总表'!E:S,9,FALSE) -> 0 | J43: ==VLOOKUP(D43,'2025期功能研发汇总表'!E:S,3,FALSE) -> 汤凤欣
C44: 弱口令检测任务下发与执行 | D44: 查询弱口令检测任务列表 | E44: ==VLOOKUP(D44,'2025期功能研发汇总表'!E:S,10,FALSE) -> V3.7.0(20260312) | F44: 已部署 | G44: ==VLOOKUP(D44,'2025期功能研发汇总表'!E:S,7,FALSE) -> 运营·深耕/弱口令与扫描管理/扫描任务管理/弱口令扫描 | H44: ==VLOOKUP(D44,'2025期功能研发汇总表'!E:S,8,FALSE) -> 0 | I44: ==VLOOKUP(D44,'2025期功能研发汇总表'!E:S,9,FALSE) -> ["https://docimg6.docs.qq.com/image/AgAABqoC77cB5mWmUmNL1YrFA7YKAp_K.png?w=1665&h=774",400,185] | J44: ==VLOOKUP(D44,'2025期功能研发汇总表'!E:S,3,FALSE) -> 仲光华
D45: 新增弱口令检测任务 | E45: ==VLOOKUP(D45,'2025期功能研发汇总表'!E:S,10,FALSE) -> V3.7.0(20260312) | F45: 已部署 | G45: ==VLOOKUP(D45,'2025期功能研发汇总表'!E:S,7,FALSE) -> 运营·深耕/弱口令与扫描管理/扫描任务管理/弱口令扫描 | H45: ==VLOOKUP(D45,'2025期功能研发汇总表'!E:S,8,FALSE) -> 0 | I45: ==VLOOKUP(D45,'2025期功能研发汇总表'!E:S,9,FALSE) -> 0 | J45: ==VLOOKUP(D45,'2025期功能研发汇总表'!E:S,3,FALSE) -> 仲光华
D46: 修改弱口令检测任务 | E46: ==VLOOKUP(D46,'2025期功能研发汇总表'!E:S,10,FALSE) -> V3.7.0(20260312) | F46: 已部署 | G46: ==VLOOKUP(D46,'2025期功能研发汇总表'!E:S,7,FALSE) -> 运营·深耕/弱口令与扫描管理/扫描任务管理/弱口令扫描 | H46: ==VLOOKUP(D46,'2025期功能研发汇总表'!E:S,8,FALSE) -> 0 | I46: ==VLOOKUP(D46,'2025期功能研发汇总表'!E:S,9,FALSE) -> 0 | J46: ==VLOOKUP(D46,'2025期功能研发汇总表'!E:S,3,FALSE) -> 仲光华
D47: 删除弱口令检测任务 | E47: ==VLOOKUP(D47,'2025期功能研发汇总表'!E:S,10,FALSE) -> V3.7.0(20260312) | F47: 已部署 | G47: ==VLOOKUP(D47,'2025期功能研发汇总表'!E:S,7,FALSE) -> 运营·深耕/弱口令与扫描管理/扫描任务管理/弱口令扫描 | H47: ==VLOOKUP(D47,'2025期功能研发汇总表'!E:S,8,FALSE) -> 0 | I47: ==VLOOKUP(D47,'2025期功能研发汇总表'!E:S,9,FALSE) -> 0 | J47: ==VLOOKUP(D47,'2025期功能研发汇总表'!E:S,3,FALSE) -> 仲光华
C48: 弱口令检测任务调度执行 | D48: 弱口令检测立即执行 | E48: ==VLOOKUP(D48,'2025期功能研发汇总表'!E:S,10,FALSE) -> V3.7.0(20260312) | F48: 已部署 | G48: ==VLOOKUP(D48,'2025期功能研发汇总表'!E:S,7,FALSE) -> 运营·深耕/弱口令与扫描管理/扫描任务管理/弱口令扫描 | H48: ==VLOOKUP(D48,'2025期功能研发汇总表'!E:S,8,FALSE) -> 0 | I48: ==VLOOKUP(D48,'2025期功能研发汇总表'!E:S,9,FALSE) -> ["https://docimg10.docs.qq.com/image/AgAABqoC77fx7Ue1iC9KsrDaH1tivK7C.png?w=1665&h=774",400,185] | J48: ==VLOOKUP(D48,'2025期功能研发汇总表'!E:S,3,FALSE) -> 仲光华
D49: 弱口令检测定期执行 | E49: ==VLOOKUP(D49,'2025期功能研发汇总表'!E:S,10,FALSE) -> V3.7.0(20260312) | F49: 已部署 | G49: ==VLOOKUP(D49,'2025期功能研发汇总表'!E:S,7,FALSE) -> 运营·深耕/弱口令与扫描管理/扫描任务管理/弱口令扫描 | H49: ==VLOOKUP(D49,'2025期功能研发汇总表'!E:S,8,FALSE) -> 0 | I49: ==VLOOKUP(D49,'2025期功能研发汇总表'!E:S,9,FALSE) -> 0 | J49: ==VLOOKUP(D49,'2025期功能研发汇总表'!E:S,3,FALSE) -> 仲光华
D50: 弱口令检测进度监控 | E50: ==VLOOKUP(D50,'2025期功能研发汇总表'!E:S,10,FALSE) -> V3.7.0(20260312) | F50: 已部署 | G50: ==VLOOKUP(D50,'2025期功能研发汇总表'!E:S,7,FALSE) -> 漏洞生命周期管理/系统漏洞风险排查/扫描任务管理 | H50: ==VLOOKUP(D50,'2025期功能研发汇总表'!E:S,8,FALSE) -> /弱口令扫描 | I50: ==VLOOKUP(D50,'2025期功能研发汇总表'!E:S,9,FALSE) -> ["https://docimg7.docs.qq.com/image/AgAABqoC77c1V8QAYMhECI7yfh627Fqj.png?w=1686&h=777",400,184] | J50: ==VLOOKUP(D50,'2025期功能研发汇总表'!E:S,3,FALSE) -> 仲光华
C51: 弱口令检测结果分析展示 | D51: 查询弱口令汇总 | E51: ==VLOOKUP(D51,'2025期功能研发汇总表'!E:S,10,FALSE) -> V3.7.0(20260312) | F51: 已部署 | G51: ==VLOOKUP(D51,'2025期功能研发汇总表'!E:S,7,FALSE) -> 漏洞生命周期管理/系统漏洞风险排查/扫描任务管理 | H51: ==VLOOKUP(D51,'2025期功能研发汇总表'!E:S,8,FALSE) -> /弱口令扫描 | I51: ==VLOOKUP(D51,'2025期功能研发汇总表'!E:S,9,FALSE) -> ["https://docimg9.docs.qq.com/image/AgAABqoC77dZZoUhFQdHUbcEOaQ8EDxu.png?w=1666&h=775",400,186] | J51: ==VLOOKUP(D51,'2025期功能研发汇总表'!E:S,3,FALSE) -> 仲光华
D52: 查询弱口令影响资产 | E52: ==VLOOKUP(D52,'2025期功能研发汇总表'!E:S,10,FALSE) -> V3.7.0(20260312) | F52: 已部署 | G52: ==VLOOKUP(D52,'2025期功能研发汇总表'!E:S,7,FALSE) -> 漏洞生命周期管理/系统漏洞风险排查/扫描任务管理 | H52: ==VLOOKUP(D52,'2025期功能研发汇总表'!E:S,8,FALSE) -> /弱口令扫描 | I52: ==VLOOKUP(D52,'2025期功能研发汇总表'!E:S,9,FALSE) -> ["https://docimg8.docs.qq.com/image/AgAABqoC77fSknuu4apAkY-n4l_97Xe4.png?w=1668&h=775",400,185] | J52: ==VLOOKUP(D52,'2025期功能研发汇总表'!E:S,3,FALSE) -> 仲光华
C53: 弱口令检测任务统计评估 | D53: 查询弱口令检测任务资产 | E53: ==VLOOKUP(D53,'2025期功能研发汇总表'!E:S,10,FALSE) -> V3.7.0(20260312) | F53: 已部署 | G53: ==VLOOKUP(D53,'2025期功能研发汇总表'!E:S,7,FALSE) -> 漏洞生命周期管理/系统漏洞风险排查/扫描任务管理 | H53: ==VLOOKUP(D53,'2025期功能研发汇总表'!E:S,8,FALSE) -> /弱口令扫描 | I53: ==VLOOKUP(D53,'2025期功能研发汇总表'!E:S,9,FALSE) -> ["https://docimg9.docs.qq.com/image/AgAABqoC77dHZfZ4gU5A07aXlGEjXVIE.png?w=1665&h=780",400,187] | J53: ==VLOOKUP(D53,'2025期功能研发汇总表'!E:S,3,FALSE) -> 仲光华
D54: 查询弱口令检测任务列表 | E54: ==VLOOKUP(D54,'2025期功能研发汇总表'!E:S,10,FALSE) -> V3.7.0(20260312) | F54: 已部署 | G54: ==VLOOKUP(D54,'2025期功能研发汇总表'!E:S,7,FALSE) -> 运营·深耕/弱口令与扫描管理/扫描任务管理/弱口令扫描 | H54: ==VLOOKUP(D54,'2025期功能研发汇总表'!E:S,8,FALSE) -> 0 | I54: ==VLOOKUP(D54,'2025期功能研发汇总表'!E:S,9,FALSE) -> ["https://docimg6.docs.qq.com/image/AgAABqoC77cB5mWmUmNL1YrFA7YKAp_K.png?w=1665&h=774",400,185] | J54: ==VLOOKUP(D54,'2025期功能研发汇总表'!E:S,3,FALSE) -> 仲光华
D55: 查询弱口令列表 | E55: ==VLOOKUP(D55,'2025期功能研发汇总表'!E:S,10,FALSE) -> V3.7.0(20260312) | F55: 已部署 | G55: ==VLOOKUP(D55,'2025期功能研发汇总表'!E:S,7,FALSE) -> 漏洞生命周期管理/系统漏洞风险排查/扫描任务管理 | H55: ==VLOOKUP(D55,'2025期功能研发汇总表'!E:S,8,FALSE) -> /弱口令扫描 | I55: ==VLOOKUP(D55,'2025期功能研发汇总表'!E:S,9,FALSE) -> ["https://docimg1.docs.qq.com/image/AgAABqoC77cRTuk-46RM2LbaHX313A-f.png?w=1665&h=781",400,187] | J55: ==VLOOKUP(D55,'2025期功能研发汇总表'!E:S,3,FALSE) -> 仲光华
C56: 扫描器集成与控制 | D56: 查询任务列表 | E56: ==VLOOKUP(D56,'2025期功能研发汇总表'!E:S,10,FALSE) -> V3.7.0(20260312) | F56: 已部署 | G56: ==VLOOKUP(D56,'2025期功能研发汇总表'!E:S,7,FALSE) -> 运营·深耕/弱口令与扫描管理/扫描任务管理 | H56: ==VLOOKUP(D56,'2025期功能研发汇总表'!E:S,8,FALSE) -> 0 | I56: ==VLOOKUP(D56,'2025期功能研发汇总表'!E:S,9,FALSE) -> ["https://docimg1.docs.qq.com/image/AgAABqoC77fr2s9xnLJK5oNB9OA4Uha4.png?w=1919&h=890",400,185] | J56: ==VLOOKUP(D56,'2025期功能研发汇总表'!E:S,3,FALSE) -> 仲光华
D57: 查询弱口令检测任务分配列表 | E57: ==VLOOKUP(D57,'2025期功能研发汇总表'!E:S,10,FALSE) -> V3.7.0(20260312) | F57: 已部署 | G57: ==VLOOKUP(D57,'2025期功能研发汇总表'!E:S,7,FALSE) -> 运营·深耕/弱口令与扫描管理/扫描任务管理 | H57: ==VLOOKUP(D57,'2025期功能研发汇总表'!E:S,8,FALSE) -> 点开任务详情列表，显示弱口令任务分配到的相关扫描器信息 | I57: ==VLOOKUP(D57,'2025期功能研发汇总表'!E:S,9,FALSE) -> ["https://docimg10.docs.qq.com/image/AgAABqoC77d4WYqyt6FMpqkTLQqQ9xIr.png?w=1919&h=888",400,185] | J57: ==VLOOKUP(D57,'2025期功能研发汇总表'!E:S,3,FALSE) -> 仲光华
D58: 查询弱口令检测任务 | E58: ==VLOOKUP(D58,'2025期功能研发汇总表'!E:S,10,FALSE) -> V3.7.0(20260312) | F58: 已部署 | G58: ==VLOOKUP(D58,'2025期功能研发汇总表'!E:S,7,FALSE) -> 运营·深耕/弱口令与扫描管理/扫描任务管理 | H58: ==VLOOKUP(D58,'2025期功能研发汇总表'!E:S,8,FALSE) -> 0 | I58: ==VLOOKUP(D58,'2025期功能研发汇总表'!E:S,9,FALSE) -> ["https://docimg10.docs.qq.com/image/AgAABqoC77dLv-zUePZBwblstYdlTmD1.png?w=1919&h=887",400,184] | J58: ==VLOOKUP(D58,'2025期功能研发汇总表'!E:S,3,FALSE) -> 仲光华
C59: 资产覆盖范围配置 | D59: 查询资产覆盖范围 | E59: ==VLOOKUP(D59,'2025期功能研发汇总表'!E:S,10,FALSE) -> V3.7.0(20260312) | F59: 已部署 | G59: ==VLOOKUP(D59,'2025期功能研发汇总表'!E:S,7,FALSE) -> 运营·深耕/弱口令与扫描管理/扫描指标管理 | H59: ==VLOOKUP(D59,'2025期功能研发汇总表'!E:S,8,FALSE) -> /资产覆盖范围配置 | I59: ==VLOOKUP(D59,'2025期功能研发汇总表'!E:S,9,FALSE) -> ["https://docimg6.docs.qq.com/image/AgAABqoC77fxtwZBpC5HnLdj3ymyR6t8.png?w=1919&h=892",400,185] | J59: ==VLOOKUP(D59,'2025期功能研发汇总表'!E:S,3,FALSE) -> 仲光华
D60: 新增资产覆盖范围 | E60: ==VLOOKUP(D60,'2025期功能研发汇总表'!E:S,10,FALSE) -> V3.7.0(20260312) | F60: 已部署 | G60: ==VLOOKUP(D60,'2025期功能研发汇总表'!E:S,7,FALSE) -> 运营·深耕/弱口令与扫描管理/扫描指标管理 | H60: ==VLOOKUP(D60,'2025期功能研发汇总表'!E:S,8,FALSE) -> /资产覆盖范围配置 | I60: ==VLOOKUP(D60,'2025期功能研发汇总表'!E:S,9,FALSE) -> 0 | J60: ==VLOOKUP(D60,'2025期功能研发汇总表'!E:S,3,FALSE) -> 仲光华
D61: 修改资产覆盖范围 | E61: ==VLOOKUP(D61,'2025期功能研发汇总表'!E:S,10,FALSE) -> V3.7.0(20260312) | F61: 已部署 | G61: ==VLOOKUP(D61,'2025期功能研发汇总表'!E:S,7,FALSE) -> 运营·深耕/弱口令与扫描管理/扫描指标管理 | H61: ==VLOOKUP(D61,'2025期功能研发汇总表'!E:S,8,FALSE) -> /资产覆盖范围配置 | I61: ==VLOOKUP(D61,'2025期功能研发汇总表'!E:S,9,FALSE) -> 0 | J61: ==VLOOKUP(D61,'2025期功能研发汇总表'!E:S,3,FALSE) -> 仲光华
D62: 删除资产覆盖范围 | E62: ==VLOOKUP(D62,'2025期功能研发汇总表'!E:S,10,FALSE) -> V3.7.0(20260312) | F62: 已部署 | G62: ==VLOOKUP(D62,'2025期功能研发汇总表'!E:S,7,FALSE) -> 运营·深耕/弱口令与扫描管理/扫描指标管理 | H62: ==VLOOKUP(D62,'2025期功能研发汇总表'!E:S,8,FALSE) -> /资产覆盖范围配置 | I62: ==VLOOKUP(D62,'2025期功能研发汇总表'!E:S,9,FALSE) -> 0 | J62: ==VLOOKUP(D62,'2025期功能研发汇总表'!E:S,3,FALSE) -> 仲光华
C63: 扫描密度配置 | D63: 查询扫描密度配置 | E63: ==VLOOKUP(D63,'2025期功能研发汇总表'!E:S,10,FALSE) -> V3.7.0(20260312) | F63: 已部署 | G63: ==VLOOKUP(D63,'2025期功能研发汇总表'!E:S,7,FALSE) -> 运营·深耕/弱口令与扫描管理/扫描指标管理 | H63: ==VLOOKUP(D63,'2025期功能研发汇总表'!E:S,8,FALSE) -> /扫描密度配置 | I63: ==VLOOKUP(D63,'2025期功能研发汇总表'!E:S,9,FALSE) -> ["https://docimg10.docs.qq.com/image/AgAABqoC77cQZbMNQ7RCvJonzTFlG-NG.png?w=1919&h=890",400,185] | J63: ==VLOOKUP(D63,'2025期功能研发汇总表'!E:S,3,FALSE) -> 仲光华
D64: 新增扫描密度配置 | E64: ==VLOOKUP(D64,'2025期功能研发汇总表'!E:S,10,FALSE) -> V3.7.0(20260312) | F64: 已部署 | G64: ==VLOOKUP(D64,'2025期功能研发汇总表'!E:S,7,FALSE) -> 运营·深耕/弱口令与扫描管理/扫描指标管理 | H64: ==VLOOKUP(D64,'2025期功能研发汇总表'!E:S,8,FALSE) -> 0 | I64: ==VLOOKUP(D64,'2025期功能研发汇总表'!E:S,9,FALSE) -> 0 | J64: ==VLOOKUP(D64,'2025期功能研发汇总表'!E:S,3,FALSE) -> 仲光华
D65: 修改扫描密度配置 | E65: ==VLOOKUP(D65,'2025期功能研发汇总表'!E:S,10,FALSE) -> V3.7.0(20260312) | F65: 已部署 | G65: ==VLOOKUP(D65,'2025期功能研发汇总表'!E:S,7,FALSE) -> 运营·深耕/弱口令与扫描管理/扫描指标管理 | H65: ==VLOOKUP(D65,'2025期功能研发汇总表'!E:S,8,FALSE) -> 0 | I65: ==VLOOKUP(D65,'2025期功能研发汇总表'!E:S,9,FALSE) -> 0 | J65: ==VLOOKUP(D65,'2025期功能研发汇总表'!E:S,3,FALSE) -> 仲光华
D66: 删除扫描密度配置 | E66: ==VLOOKUP(D66,'2025期功能研发汇总表'!E:S,10,FALSE) -> V3.7.0(20260312) | F66: 已部署 | G66: ==VLOOKUP(D66,'2025期功能研发汇总表'!E:S,7,FALSE) -> 运营·深耕/弱口令与扫描管理/扫描指标管理 | H66: ==VLOOKUP(D66,'2025期功能研发汇总表'!E:S,8,FALSE) -> 0 | I66: ==VLOOKUP(D66,'2025期功能研发汇总表'!E:S,9,FALSE) -> 0 | J66: ==VLOOKUP(D66,'2025期功能研发汇总表'!E:S,3,FALSE) -> 仲光华
C67: 防护指标管理 | D67: 查询防护指标 | E67: ==VLOOKUP(D67,'2025期功能研发汇总表'!E:S,10,FALSE) -> V3.7.0(20260312) | F67: 已部署 | G67: ==VLOOKUP(D67,'2025期功能研发汇总表'!E:S,7,FALSE) -> 运营·深耕/弱口令与扫描管理/扫描指标管理 | H67: ==VLOOKUP(D67,'2025期功能研发汇总表'!E:S,8,FALSE) -> /防护指标管理 | I67: ==VLOOKUP(D67,'2025期功能研发汇总表'!E:S,9,FALSE) -> ["https://docimg4.docs.qq.com/image/AgAABqoC77eu9SmHzs1HHaox5T1Imd8Z.png?w=1919&h=884",400,184] | J67: ==VLOOKUP(D67,'2025期功能研发汇总表'!E:S,3,FALSE) -> 仲光华
D68: 新增防护指标 | E68: ==VLOOKUP(D68,'2025期功能研发汇总表'!E:S,10,FALSE) -> V3.7.0(20260312) | F68: 已部署 | G68: ==VLOOKUP(D68,'2025期功能研发汇总表'!E:S,7,FALSE) -> 运营·深耕/弱口令与扫描管理/扫描指标管理 | H68: ==VLOOKUP(D68,'2025期功能研发汇总表'!E:S,8,FALSE) -> 0 | I68: ==VLOOKUP(D68,'2025期功能研发汇总表'!E:S,9,FALSE) -> 0 | J68: ==VLOOKUP(D68,'2025期功能研发汇总表'!E:S,3,FALSE) -> 仲光华
D69: 修改防护指标 | E69: ==VLOOKUP(D69,'2025期功能研发汇总表'!E:S,10,FALSE) -> V3.7.0(20260312) | F69: 已部署 | G69: ==VLOOKUP(D69,'2025期功能研发汇总表'!E:S,7,FALSE) -> 运营·深耕/弱口令与扫描管理/扫描指标管理 | H69: ==VLOOKUP(D69,'2025期功能研发汇总表'!E:S,8,FALSE) -> 0 | I69: ==VLOOKUP(D69,'2025期功能研发汇总表'!E:S,9,FALSE) -> 0 | J69: ==VLOOKUP(D69,'2025期功能研发汇总表'!E:S,3,FALSE) -> 仲光华
D70: 删除防护指标 | E70: ==VLOOKUP(D70,'2025期功能研发汇总表'!E:S,10,FALSE) -> V3.7.0(20260312) | F70: 已部署 | G70: ==VLOOKUP(D70,'2025期功能研发汇总表'!E:S,7,FALSE) -> 运营·深耕/弱口令与扫描管理/扫描指标管理 | H70: ==VLOOKUP(D70,'2025期功能研发汇总表'!E:S,8,FALSE) -> 0 | I70: ==VLOOKUP(D70,'2025期功能研发汇总表'!E:S,9,FALSE) -> 0 | J70: ==VLOOKUP(D70,'2025期功能研发汇总表'!E:S,3,FALSE) -> 仲光华
C71: 扫描可用性监控 | D71: 查询扫描设备 | E71: ==VLOOKUP(D71,'2025期功能研发汇总表'!E:S,10,FALSE) -> V3.7.0(20260312) | F71: 已部署 | G71: ==VLOOKUP(D71,'2025期功能研发汇总表'!E:S,7,FALSE) -> 运营·深耕/弱口令与扫描管理/安全设备资源 | H71: ==VLOOKUP(D71,'2025期功能研发汇总表'!E:S,8,FALSE) -> 0 | I71: ==VLOOKUP(D71,'2025期功能研发汇总表'!E:S,9,FALSE) -> ["https://docimg9.docs.qq.com/image/AgAABqoC77cvcVPRpiZAJoLpUlgfrMDW.png?w=1689&h=780",400,184] | J71: ==VLOOKUP(D71,'2025期功能研发汇总表'!E:S,3,FALSE) -> 仲光华
D72: 新增扫描设备 | E72: ==VLOOKUP(D72,'2025期功能研发汇总表'!E:S,10,FALSE) -> V3.7.0(20260312) | F72: 已部署 | G72: ==VLOOKUP(D72,'2025期功能研发汇总表'!E:S,7,FALSE) -> 运营·深耕/弱口令与扫描管理/安全设备资源 | H72: ==VLOOKUP(D72,'2025期功能研发汇总表'!E:S,8,FALSE) -> 0 | I72: ==VLOOKUP(D72,'2025期功能研发汇总表'!E:S,9,FALSE) -> 0 | J72: ==VLOOKUP(D72,'2025期功能研发汇总表'!E:S,3,FALSE) -> 仲光华
D73: 修改扫描设备 | E73: ==VLOOKUP(D73,'2025期功能研发汇总表'!E:S,10,FALSE) -> V3.7.0(20260312) | F73: 已部署 | G73: ==VLOOKUP(D73,'2025期功能研发汇总表'!E:S,7,FALSE) -> 运营·深耕/弱口令与扫描管理/安全设备资源 | H73: ==VLOOKUP(D73,'2025期功能研发汇总表'!E:S,8,FALSE) -> 0 | I73: ==VLOOKUP(D73,'2025期功能研发汇总表'!E:S,9,FALSE) -> 0 | J73: ==VLOOKUP(D73,'2025期功能研发汇总表'!E:S,3,FALSE) -> 仲光华
D74: 删除扫描设备 | E74: ==VLOOKUP(D74,'2025期功能研发汇总表'!E:S,10,FALSE) -> V3.7.0(20260312) | F74: 已部署 | G74: ==VLOOKUP(D74,'2025期功能研发汇总表'!E:S,7,FALSE) -> 运营·深耕/弱口令与扫描管理/安全设备资源 | H74: ==VLOOKUP(D74,'2025期功能研发汇总表'!E:S,8,FALSE) -> 0 | I74: ==VLOOKUP(D74,'2025期功能研发汇总表'!E:S,9,FALSE) -> 0 | J74: ==VLOOKUP(D74,'2025期功能研发汇总表'!E:S,3,FALSE) -> 仲光华
C75: 检测可用性展示 | D75: 设备可用性监控 | E75: ==VLOOKUP(D75,'2025期功能研发汇总表'!E:S,10,FALSE) -> V3.7.0(20260312) | F75: 已部署 | G75: ==VLOOKUP(D75,'2025期功能研发汇总表'!E:S,7,FALSE) -> 运营·深耕/弱口令与扫描管理/安全设备资源 | H75: ==VLOOKUP(D75,'2025期功能研发汇总表'!E:S,8,FALSE) -> 0 | I75: ==VLOOKUP(D75,'2025期功能研发汇总表'!E:S,9,FALSE) -> ["https://docimg4.docs.qq.com/image/AgAABqoC77ftHtWdi6ZJSrfkG4UlnQkW.png?w=1665&h=778",400,186] | J75: ==VLOOKUP(D75,'2025期功能研发汇总表'!E:S,3,FALSE) -> 仲光华
D76: CF卡信息监控 | E76: ==VLOOKUP(D76,'2025期功能研发汇总表'!E:S,10,FALSE) -> V3.7.0(20260312) | F76: 已部署 | G76: ==VLOOKUP(D76,'2025期功能研发汇总表'!E:S,7,FALSE) -> 运营·深耕/弱口令与扫描管理/安全设备资源 | H76: ==VLOOKUP(D76,'2025期功能研发汇总表'!E:S,8,FALSE) -> 0 | I76: ==VLOOKUP(D76,'2025期功能研发汇总表'!E:S,9,FALSE) -> 0 | J76: ==VLOOKUP(D76,'2025期功能研发汇总表'!E:S,3,FALSE) -> 仲光华
D77: CPU信息监控 | E77: ==VLOOKUP(D77,'2025期功能研发汇总表'!E:S,10,FALSE) -> V3.7.0(20260312) | F77: 已部署 | G77: ==VLOOKUP(D77,'2025期功能研发汇总表'!E:S,7,FALSE) -> 运营·深耕/弱口令与扫描管理/安全设备资源 | H77: ==VLOOKUP(D77,'2025期功能研发汇总表'!E:S,8,FALSE) -> 0 | I77: ==VLOOKUP(D77,'2025期功能研发汇总表'!E:S,9,FALSE) -> 0 | J77: ==VLOOKUP(D77,'2025期功能研发汇总表'!E:S,3,FALSE) -> 仲光华
D78: 内存信息监控 | E78: ==VLOOKUP(D78,'2025期功能研发汇总表'!E:S,10,FALSE) -> V3.7.0(20260312) | F78: 已部署 | G78: ==VLOOKUP(D78,'2025期功能研发汇总表'!E:S,7,FALSE) -> 运营·深耕/弱口令与扫描管理/安全设备资源 | H78: ==VLOOKUP(D78,'2025期功能研发汇总表'!E:S,8,FALSE) -> 0 | I78: ==VLOOKUP(D78,'2025期功能研发汇总表'!E:S,9,FALSE) -> 0 | J78: ==VLOOKUP(D78,'2025期功能研发汇总表'!E:S,3,FALSE) -> 仲光华
D79: 流量信息监控 | E79: ==VLOOKUP(D79,'2025期功能研发汇总表'!E:S,10,FALSE) -> V3.7.0(20260312) | F79: 已部署 | G79: ==VLOOKUP(D79,'2025期功能研发汇总表'!E:S,7,FALSE) -> 运营·深耕/弱口令与扫描管理/安全设备资源 | H79: ==VLOOKUP(D79,'2025期功能研发汇总表'!E:S,8,FALSE) -> 0 | I79: ==VLOOKUP(D79,'2025期功能研发汇总表'!E:S,9,FALSE) -> 0 | J79: ==VLOOKUP(D79,'2025期功能研发汇总表'!E:S,3,FALSE) -> 仲光华
D80: 磁盘信息监控 | E80: ==VLOOKUP(D80,'2025期功能研发汇总表'!E:S,10,FALSE) -> V3.7.0(20260312) | F80: 已部署 | G80: ==VLOOKUP(D80,'2025期功能研发汇总表'!E:S,7,FALSE) -> 运营·深耕/弱口令与扫描管理/安全设备资源 | H80: ==VLOOKUP(D80,'2025期功能研发汇总表'!E:S,8,FALSE) -> 0 | I80: ==VLOOKUP(D80,'2025期功能研发汇总表'!E:S,9,FALSE) -> 0 | J80: ==VLOOKUP(D80,'2025期功能研发汇总表'!E:S,3,FALSE) -> 仲光华
D81: 系统漏洞监控 | E81: ==VLOOKUP(D81,'2025期功能研发汇总表'!E:S,10,FALSE) -> V3.7.0(20260312) | F81: 已部署 | G81: ==VLOOKUP(D81,'2025期功能研发汇总表'!E:S,7,FALSE) -> 运营·深耕/弱口令与扫描管理/安全设备资源 | H81: ==VLOOKUP(D81,'2025期功能研发汇总表'!E:S,8,FALSE) -> 0 | I81: ==VLOOKUP(D81,'2025期功能研发汇总表'!E:S,9,FALSE) -> 0 | J81: ==VLOOKUP(D81,'2025期功能研发汇总表'!E:S,3,FALSE) -> 仲光华
D82: 系统版本信息监控 | E82: ==VLOOKUP(D82,'2025期功能研发汇总表'!E:S,10,FALSE) -> V3.7.0(20260312) | F82: 已部署 | G82: ==VLOOKUP(D82,'2025期功能研发汇总表'!E:S,7,FALSE) -> 运营·深耕/弱口令与扫描管理/安全设备资源 | H82: ==VLOOKUP(D82,'2025期功能研发汇总表'!E:S,8,FALSE) -> 0 | I82: ==VLOOKUP(D82,'2025期功能研发汇总表'!E:S,9,FALSE) -> 0 | J82: ==VLOOKUP(D82,'2025期功能研发汇总表'!E:S,3,FALSE) -> 仲光华
C83: 防护可用性监控 | D83: 查询防护设备 | E83: ==VLOOKUP(D83,'2025期功能研发汇总表'!E:S,10,FALSE) -> V3.7.0(20260312) | F83: 已部署 | G83: ==VLOOKUP(D83,'2025期功能研发汇总表'!E:S,7,FALSE) -> 运营·深耕/弱口令与扫描管理/防护可用性监控 | H83: ==VLOOKUP(D83,'2025期功能研发汇总表'!E:S,8,FALSE) -> 0 | I83: ==VLOOKUP(D83,'2025期功能研发汇总表'!E:S,9,FALSE) -> ["https://docimg7.docs.qq.com/image/AgAABqoC77dPFRmfgWRGCLiCpJ3ghxNv.png?w=1917&h=886",400,184] | J83: ==VLOOKUP(D83,'2025期功能研发汇总表'!E:S,3,FALSE) -> 仲光华
D84: 新增防护设备 | E84: ==VLOOKUP(D84,'2025期功能研发汇总表'!E:S,10,FALSE) -> V3.7.0(20260312) | F84: 已部署 | G84: ==VLOOKUP(D84,'2025期功能研发汇总表'!E:S,7,FALSE) -> 运营·深耕/弱口令与扫描管理/防护可用性监控 | H84: ==VLOOKUP(D84,'2025期功能研发汇总表'!E:S,8,FALSE) -> 0 | I84: ==VLOOKUP(D84,'2025期功能研发汇总表'!E:S,9,FALSE) -> 0 | J84: ==VLOOKUP(D84,'2025期功能研发汇总表'!E:S,3,FALSE) -> 仲光华
D85: 修改防护设备 | E85: ==VLOOKUP(D85,'2025期功能研发汇总表'!E:S,10,FALSE) -> V3.7.0(20260312) | F85: 已部署 | G85: ==VLOOKUP(D85,'2025期功能研发汇总表'!E:S,7,FALSE) -> 运营·深耕/弱口令与扫描管理/防护可用性监控 | H85: ==VLOOKUP(D85,'2025期功能研发汇总表'!E:S,8,FALSE) -> 0 | I85: ==VLOOKUP(D85,'2025期功能研发汇总表'!E:S,9,FALSE) -> 0 | J85: ==VLOOKUP(D85,'2025期功能研发汇总表'!E:S,3,FALSE) -> 仲光华
D86: 删除防护设备 | E86: ==VLOOKUP(D86,'2025期功能研发汇总表'!E:S,10,FALSE) -> V3.7.0(20260312) | F86: 已部署 | G86: ==VLOOKUP(D86,'2025期功能研发汇总表'!E:S,7,FALSE) -> 运营·深耕/弱口令与扫描管理/防护可用性监控 | H86: ==VLOOKUP(D86,'2025期功能研发汇总表'!E:S,8,FALSE) -> 0 | I86: ==VLOOKUP(D86,'2025期功能研发汇总表'!E:S,9,FALSE) -> 0 | J86: ==VLOOKUP(D86,'2025期功能研发汇总表'!E:S,3,FALSE) -> 仲光华
C87: 数据一致性校验任务 | D87: 数据一致性审批查询 | E87: ==VLOOKUP(D87,'2025期功能研发汇总表'!E:S,10,FALSE) -> V3.7.0(20260312) | F87: 已部署 | G87: ==VLOOKUP(D87,'2025期功能研发汇总表'!E:S,7,FALSE) -> 运营·深耕/漏洞修复核验/数据一致性审批 | H87: ==VLOOKUP(D87,'2025期功能研发汇总表'!E:S,8,FALSE) -> 审批查询按钮 | I87: ==VLOOKUP(D87,'2025期功能研发汇总表'!E:S,9,FALSE) -> 0 | J87: ==VLOOKUP(D87,'2025期功能研发汇总表'!E:S,3,FALSE) -> 蔡云飞
D88: 数据一致性审批创建 | E88: ==VLOOKUP(D88,'2025期功能研发汇总表'!E:S,10,FALSE) -> V3.7.0(20260312) | F88: 已部署 | G88: ==VLOOKUP(D88,'2025期功能研发汇总表'!E:S,7,FALSE) -> 运营·深耕/漏洞修复核验/数据一致性审批 | H88: ==VLOOKUP(D88,'2025期功能研发汇总表'!E:S,8,FALSE) -> 新增按钮 | I88: ==VLOOKUP(D88,'2025期功能研发汇总表'!E:S,9,FALSE) -> 0 | J88: ==VLOOKUP(D88,'2025期功能研发汇总表'!E:S,3,FALSE) -> 蔡云飞
D89: 数据一致性审批启动 | E89: ==VLOOKUP(D89,'2025期功能研发汇总表'!E:S,10,FALSE) -> V3.7.0(20260312) | F89: 已部署 | G89: ==VLOOKUP(D89,'2025期功能研发汇总表'!E:S,7,FALSE) -> 运营·深耕/漏洞修复核验/数据一致性审批 | H89: ==VLOOKUP(D89,'2025期功能研发汇总表'!E:S,8,FALSE) -> 启动按钮 | I89: ==VLOOKUP(D89,'2025期功能研发汇总表'!E:S,9,FALSE) -> 0 | J89: ==VLOOKUP(D89,'2025期功能研发汇总表'!E:S,3,FALSE) -> 蔡云飞
D90: 数据一致性审批结果收集 | E90: ==VLOOKUP(D90,'2025期功能研发汇总表'!E:S,10,FALSE) -> V3.7.0(20260312) | F90: 已部署 | G90: ==VLOOKUP(D90,'2025期功能研发汇总表'!E:S,7,FALSE) -> 运营·深耕/漏洞修复核验/数据一致性审批 | H90: ==VLOOKUP(D90,'2025期功能研发汇总表'!E:S,8,FALSE) -> 审批结果查询按钮 | I90: ==VLOOKUP(D90,'2025期功能研发汇总表'!E:S,9,FALSE) -> 0 | J90: ==VLOOKUP(D90,'2025期功能研发汇总表'!E:S,3,FALSE) -> 蔡云飞
B91: 工单单自动化执行 | C91: 任务自动化分配 | D91: 任务分配策略新增 | E91: ==VLOOKUP(D91,'2025期功能研发汇总表'!E:S,10,FALSE) -> V3.7.0(20260312) | F91: 已部署 | G91: ==VLOOKUP(D91,'2025期功能研发汇总表'!E:S,7,FALSE) -> 运营·深耕/任务监控与协同/任务自动化分配管理 | H91: ==VLOOKUP(D91,'2025期功能研发汇总表'!E:S,8,FALSE) -> 新增按钮 | I91: ==VLOOKUP(D91,'2025期功能研发汇总表'!E:S,9,FALSE) -> 0 | J91: ==VLOOKUP(D91,'2025期功能研发汇总表'!E:S,3,FALSE) -> 蔡云飞
D92: 任务分配策略查询 | E92: ==VLOOKUP(D92,'2025期功能研发汇总表'!E:S,10,FALSE) -> V3.7.0(20260312) | F92: 已部署 | G92: ==VLOOKUP(D92,'2025期功能研发汇总表'!E:S,7,FALSE) -> 运营·深耕/任务监控与协同/任务自动化分配管理 | H92: ==VLOOKUP(D92,'2025期功能研发汇总表'!E:S,8,FALSE) -> 查询按钮 | I92: ==VLOOKUP(D92,'2025期功能研发汇总表'!E:S,9,FALSE) -> 0 | J92: ==VLOOKUP(D92,'2025期功能研发汇总表'!E:S,3,FALSE) -> 蔡云飞
D93: 任务分配策略修改 | E93: ==VLOOKUP(D93,'2025期功能研发汇总表'!E:S,10,FALSE) -> V3.7.0(20260312) | F93: 已部署 | G93: ==VLOOKUP(D93,'2025期功能研发汇总表'!E:S,7,FALSE) -> 运营·深耕/任务监控与协同/任务自动化分配管理 | H93: ==VLOOKUP(D93,'2025期功能研发汇总表'!E:S,8,FALSE) -> 修改按钮 | I93: ==VLOOKUP(D93,'2025期功能研发汇总表'!E:S,9,FALSE) -> 0 | J93: ==VLOOKUP(D93,'2025期功能研发汇总表'!E:S,3,FALSE) -> 蔡云飞
D94: 任务分配策略删除 | E94: ==VLOOKUP(D94,'2025期功能研发汇总表'!E:S,10,FALSE) -> V3.7.0(20260312) | F94: 已部署 | G94: ==VLOOKUP(D94,'2025期功能研发汇总表'!E:S,7,FALSE) -> 运营·深耕/任务监控与协同/任务自动化分配管理 | H94: ==VLOOKUP(D94,'2025期功能研发汇总表'!E:S,8,FALSE) -> 删除按钮 | I94: ==VLOOKUP(D94,'2025期功能研发汇总表'!E:S,9,FALSE) -> 0 | J94: ==VLOOKUP(D94,'2025期功能研发汇总表'!E:S,3,FALSE) -> 蔡云飞
D95: 扫描过程日志存储 | E95: ==VLOOKUP(D95,'2025期功能研发汇总表'!E:S,10,FALSE) -> V3.7.0(20260312) | F95: 已部署 | G95: ==VLOOKUP(D95,'2025期功能研发汇总表'!E:S,7,FALSE) -> 运营·深耕/任务监控与协同/扫描日志管理 | H95: ==VLOOKUP(D95,'2025期功能研发汇总表'!E:S,8,FALSE) -> 存储日志 | I95: ==VLOOKUP(D95,'2025期功能研发汇总表'!E:S,9,FALSE) -> 0 | J95: ==VLOOKUP(D95,'2025期功能研发汇总表'!E:S,3,FALSE) -> 蔡云飞
D96: 跟据策略参数自动扫描任务 | E96: ==VLOOKUP(D96,'2025期功能研发汇总表'!E:S,10,FALSE) -> V3.7.0(20260312) | F96: 已部署 | G96: ==VLOOKUP(D96,'2025期功能研发汇总表'!E:S,7,FALSE) -> 运营·深耕/任务监控与协同/任务自动化分配管理 | H96: ==VLOOKUP(D96,'2025期功能研发汇总表'!E:S,8,FALSE) -> 后台程序默认执行 | I96: ==VLOOKUP(D96,'2025期功能研发汇总表'!E:S,9,FALSE) -> 0 | J96: ==VLOOKUP(D96,'2025期功能研发汇总表'!E:S,3,FALSE) -> 蔡云飞
C97: 执行流程自动化 | D97: 自动化执行步骤修改 | E97: ==VLOOKUP(D97,'2025期功能研发汇总表'!E:S,10,FALSE) -> V3.7.0(20260312) | F97: 已部署 | G97: ==VLOOKUP(D97,'2025期功能研发汇总表'!E:S,7,FALSE) -> 运营·深耕/任务监控与协同/任务执行流程自动化 | H97: ==VLOOKUP(D97,'2025期功能研发汇总表'!E:S,8,FALSE) -> 修改按钮 | I97: ==VLOOKUP(D97,'2025期功能研发汇总表'!E:S,9,FALSE) -> 0 | J97: ==VLOOKUP(D97,'2025期功能研发汇总表'!E:S,3,FALSE) -> 蔡云飞
D98: 自动化执行步骤删除 | E98: ==VLOOKUP(D98,'2025期功能研发汇总表'!E:S,10,FALSE) -> V3.7.0(20260312) | F98: 已部署 | G98: ==VLOOKUP(D98,'2025期功能研发汇总表'!E:S,7,FALSE) -> 运营·深耕/任务监控与协同/任务执行流程自动化 | H98: ==VLOOKUP(D98,'2025期功能研发汇总表'!E:S,8,FALSE) -> 删除按钮 | I98: ==VLOOKUP(D98,'2025期功能研发汇总表'!E:S,9,FALSE) -> 0 | J98: ==VLOOKUP(D98,'2025期功能研发汇总表'!E:S,3,FALSE) -> 蔡云飞
D99: 自动化执行步骤新增 | E99: ==VLOOKUP(D99,'2025期功能研发汇总表'!E:S,10,FALSE) -> V3.7.0(20260312) | F99: 已部署 | G99: ==VLOOKUP(D99,'2025期功能研发汇总表'!E:S,7,FALSE) -> 运营·深耕/任务监控与协同/任务执行流程自动化 | H99: ==VLOOKUP(D99,'2025期功能研发汇总表'!E:S,8,FALSE) -> 新增按钮 | I99: ==VLOOKUP(D99,'2025期功能研发汇总表'!E:S,9,FALSE) -> 0 | J99: ==VLOOKUP(D99,'2025期功能研发汇总表'!E:S,3,FALSE) -> 蔡云飞
D100: 自动化执行步骤查询 | E100: ==VLOOKUP(D100,'2025期功能研发汇总表'!E:S,10,FALSE) -> V3.7.0(20260312) | F100: 已部署 | G100: ==VLOOKUP(D100,'2025期功能研发汇总表'!E:S,7,FALSE) -> 运营·深耕/任务监控与协同/任务执行流程自动化 | H100: ==VLOOKUP(D100,'2025期功能研发汇总表'!E:S,8,FALSE) -> 查询按钮 | I100: ==VLOOKUP(D100,'2025期功能研发汇总表'!E:S,9,FALSE) -> 0 | J100: ==VLOOKUP(D100,'2025期功能研发汇总表'!E:S,3,FALSE) -> 蔡云飞
C101: 漏洞扫描设备规划 | D101: 查询漏洞扫描设备列表 | E101: ==VLOOKUP(D101,'2025期功能研发汇总表'!E:S,10,FALSE) -> 0 | F101: 已部署 | G101: ==VLOOKUP(D101,'2025期功能研发汇总表'!E:S,7,FALSE) -> 0 | H101: ==VLOOKUP(D101,'2025期功能研发汇总表'!E:S,8,FALSE) -> 0 | I101: ==VLOOKUP(D101,'2025期功能研发汇总表'!E:S,9,FALSE) -> 0 | J101: ==VLOOKUP(D101,'2025期功能研发汇总表'!E:S,3,FALSE) -> 汤凤欣
D102: 查询设备规划列表 | E102: ==VLOOKUP(D102,'2025期功能研发汇总表'!E:S,10,FALSE) -> V3.7.0(20260312) | F102: 已部署 | G102: ==VLOOKUP(D102,'2025期功能研发汇总表'!E:S,7,FALSE) -> 运营·深耕/弱口令与扫描管理/安全设备资源 | H102: ==VLOOKUP(D102,'2025期功能研发汇总表'!E:S,8,FALSE) -> 0 | I102: ==VLOOKUP(D102,'2025期功能研发汇总表'!E:S,9,FALSE) -> ["https://docimg9.docs.qq.com/image/AgAABqoC77dgJatmP_lKkarmZqw_7S-2.png?w=1679&h=771",400,183] | J102: ==VLOOKUP(D102,'2025期功能研发汇总表'!E:S,3,FALSE) -> 仲光华
D103: 新增设备规划 | E103: ==VLOOKUP(D103,'2025期功能研发汇总表'!E:S,10,FALSE) -> V3.7.0(20260312) | F103: 已部署 | G103: ==VLOOKUP(D103,'2025期功能研发汇总表'!E:S,7,FALSE) -> 运营·深耕/弱口令与扫描管理/安全设备资源 | H103: ==VLOOKUP(D103,'2025期功能研发汇总表'!E:S,8,FALSE) -> 0 | I103: ==VLOOKUP(D103,'2025期功能研发汇总表'!E:S,9,FALSE) -> 0 | J103: ==VLOOKUP(D103,'2025期功能研发汇总表'!E:S,3,FALSE) -> 仲光华
D104: 修改设备规划 | E104: ==VLOOKUP(D104,'2025期功能研发汇总表'!E:S,10,FALSE) -> V3.7.0(20260312) | F104: 已部署 | G104: ==VLOOKUP(D104,'2025期功能研发汇总表'!E:S,7,FALSE) -> 运营·深耕/弱口令与扫描管理/安全设备资源 | H104: ==VLOOKUP(D104,'2025期功能研发汇总表'!E:S,8,FALSE) -> 0 | I104: ==VLOOKUP(D104,'2025期功能研发汇总表'!E:S,9,FALSE) -> 0 | J104: ==VLOOKUP(D104,'2025期功能研发汇总表'!E:S,3,FALSE) -> 仲光华
D105: 删除单个设备规划 | E105: ==VLOOKUP(D105,'2025期功能研发汇总表'!E:S,10,FALSE) -> V3.7.0(20260312) | F105: 已部署 | G105: ==VLOOKUP(D105,'2025期功能研发汇总表'!E:S,7,FALSE) -> 运营·深耕/弱口令与扫描管理/安全设备资源 | H105: ==VLOOKUP(D105,'2025期功能研发汇总表'!E:S,8,FALSE) -> 0 | I105: ==VLOOKUP(D105,'2025期功能研发汇总表'!E:S,9,FALSE) -> 0 | J105: ==VLOOKUP(D105,'2025期功能研发汇总表'!E:S,3,FALSE) -> 仲光华
...

Sheet 山东功能清单
A1: OPEX-需求名称 CAPEX-子系统 | B1: 一级模块 | C1: 二级模块 | D1: 三级模块 | E1: 功能过程 | F1: 版本标识 | G1: 功能项 | H1: 研发状态 | I1: 负责人 | J1: 交付情况 | K1: 菜单/路径(完成必填) | L1: 功能操作 | M1: 界面截图
A2: 安全风险识别与利用分析 | B2: CPE库管理 | C2: CPE文档基础管理 | D2: CPE文档基础管理 | E2: CPE文档查询 | F2: ==VLOOKUP(E2,'2025期功能研发汇总表'!E:S,12,FALSE) -> V3.8.0-beat.1 | G2: ==VLOOKUP(E2,'2025期功能研发汇总表'!E:S,4,FALSE) -> 合同功能 | H2: ==VLOOKUP(E2,'2025期功能研发汇总表'!E:T,5,FALSE) -> 联调完成 | I2: ==VLOOKUP(E2,'2025期功能研发汇总表'!E:S,3,FALSE) -> 蔡云飞 | J2: 已交付 | K2: ==VLOOKUP(E2,'2025期功能研发汇总表'!E:S,7,FALSE) -> 漏洞生命周期管理/产品漏洞管理/CPE文档管理 | L2: ==VLOOKUP(E2,'2025期功能研发汇总表'!E:S,8,FALSE) -> 查询按钮 | M2: ok
A3: 安全风险识别与利用分析 | B3: CPE库管理 | C3: CPE文档基础管理 | D3: CPE文档基础管理 | E3: CPE文档创建 | F3: ==VLOOKUP(E3,'2025期功能研发汇总表'!E:S,12,FALSE) -> V3.8.0-beat.1 | G3: ==VLOOKUP(E3,'2025期功能研发汇总表'!E:S,4,FALSE) -> 合同功能 | H3: ==VLOOKUP(E3,'2025期功能研发汇总表'!E:T,5,FALSE) -> 联调完成 | I3: ==VLOOKUP(E3,'2025期功能研发汇总表'!E:S,3,FALSE) -> 蔡云飞 | J3: 已发布 | K3: ==VLOOKUP(E3,'2025期功能研发汇总表'!E:S,7,FALSE) -> 漏洞生命周期管理/产品漏洞管理/CPE文档管理 | L3: ==VLOOKUP(E3,'2025期功能研发汇总表'!E:S,8,FALSE) -> 创建按钮 | M3: ok
A4: 安全风险识别与利用分析 | B4: CPE库管理 | C4: CPE文档基础管理 | D4: CPE文档基础管理 | E4: CPE文档编辑 | F4: ==VLOOKUP(E4,'2025期功能研发汇总表'!E:S,12,FALSE) -> V3.8.0-beat.1 | G4: ==VLOOKUP(E4,'2025期功能研发汇总表'!E:S,4,FALSE) -> 合同功能 | H4: ==VLOOKUP(E4,'2025期功能研发汇总表'!E:T,5,FALSE) -> 联调完成 | I4: ==VLOOKUP(E4,'2025期功能研发汇总表'!E:S,3,FALSE) -> 蔡云飞 | J4: 已发布 | K4: ==VLOOKUP(E4,'2025期功能研发汇总表'!E:S,7,FALSE) -> 漏洞生命周期管理/产品漏洞管理/CPE文档管理 | L4: ==VLOOKUP(E4,'2025期功能研发汇总表'!E:S,8,FALSE) -> 编辑按钮 | M4: ok
A5: 安全风险识别与利用分析 | B5: CPE库管理 | C5: CPE文档基础管理 | D5: CPE文档基础管理 | E5: CPE文档删除 | F5: ==VLOOKUP(E5,'2025期功能研发汇总表'!E:S,12,FALSE) -> V3.8.0-beat.1 | G5: ==VLOOKUP(E5,'2025期功能研发汇总表'!E:S,4,FALSE) -> 合同功能 | H5: ==VLOOKUP(E5,'2025期功能研发汇总表'!E:T,5,FALSE) -> 联调完成 | I5: ==VLOOKUP(E5,'2025期功能研发汇总表'!E:S,3,FALSE) -> 蔡云飞 | J5: 已发布 | K5: ==VLOOKUP(E5,'2025期功能研发汇总表'!E:S,7,FALSE) -> 漏洞生命周期管理/产品漏洞管理/CPE文档管理 | L5: ==VLOOKUP(E5,'2025期功能研发汇总表'!E:S,8,FALSE) -> 删除按钮 | M5: ok
A6: 安全风险识别与利用分析 | B6: CPE库管理 | C6: CPE文档基础管理 | D6: CPE文档基础管理 | E6: CPE文档导入 | F6: ==VLOOKUP(E6,'2025期功能研发汇总表'!E:S,12,FALSE) -> V3.8.0-beat.1 | G6: ==VLOOKUP(E6,'2025期功能研发汇总表'!E:S,4,FALSE) -> 合同功能 | H6: ==VLOOKUP(E6,'2025期功能研发汇总表'!E:T,5,FALSE) -> 联调完成 | I6: ==VLOOKUP(E6,'2025期功能研发汇总表'!E:S,3,FALSE) -> 蔡云飞 | J6: 已发布 | K6: ==VLOOKUP(E6,'2025期功能研发汇总表'!E:S,7,FALSE) -> 漏洞生命周期管理/产品漏洞管理/CPE文档管理 | L6: ==VLOOKUP(E6,'2025期功能研发汇总表'!E:S,8,FALSE) -> 导入按钮 | M6: ok
A7: 安全风险识别与利用分析 | B7: CPE库管理 | C7: CPE文档基础管理 | D7: CPE文档基础管理 | E7: CPE文档导出 | F7: ==VLOOKUP(E7,'2025期功能研发汇总表'!E:S,12,FALSE) -> V3.8.0-beat.1 | G7: ==VLOOKUP(E7,'2025期功能研发汇总表'!E:S,4,FALSE) -> 合同功能 | H7: ==VLOOKUP(E7,'2025期功能研发汇总表'!E:T,5,FALSE) -> 联调完成 | I7: ==VLOOKUP(E7,'2025期功能研发汇总表'!E:S,3,FALSE) -> 蔡云飞 | J7: 已发布 | K7: ==VLOOKUP(E7,'2025期功能研发汇总表'!E:S,7,FALSE) -> 漏洞生命周期管理/产品漏洞管理/CPE文档管理 | L7: ==VLOOKUP(E7,'2025期功能研发汇总表'!E:S,8,FALSE) -> 导出按钮 | M7: ok
A8: 安全风险识别与利用分析 | B8: CPE库管理 | C8: CPE数据标准化校验 | D8: CPE数据标准化校验 | E8: CPE数据格式校验 | F8: ==VLOOKUP(E8,'2025期功能研发汇总表'!E:S,12,FALSE) -> V3.8.0-beat.1 | G8: ==VLOOKUP(E8,'2025期功能研发汇总表'!E:S,4,FALSE) -> 合同功能 | H8: ==VLOOKUP(E8,'2025期功能研发汇总表'!E:T,5,FALSE) -> 联调完成 | I8: ==VLOOKUP(E8,'2025期功能研发汇总表'!E:S,3,FALSE) -> 蔡云飞 | J8: 已发布 | K8: ==VLOOKUP(E8,'2025期功能研发汇总表'!E:S,7,FALSE) -> 漏洞生命周期管理/产品漏洞管理/CPE文档管理 | L8: ==VLOOKUP(E8,'2025期功能研发汇总表'!E:S,8,FALSE) -> 程序内部自动执行 | M8: ==VLOOKUP(E8,'2025期功能研发汇总表'!E:S,9,FALSE) -> 0
A9: 安全风险识别与利用分析 | B9: VEX文档管理 | C9: VEX文档全生命周期管理 | D9: VEX文档全生命周期管理 | E9: CISA VEX文档下载 | F9: ==VLOOKUP(E9,'2025期功能研发汇总表'!E:S,12,FALSE) -> #N/A | G9: ==VLOOKUP(E9,'2025期功能研发汇总表'!E:S,4,FALSE) -> #N/A | H9: ==VLOOKUP(E9,'2025期功能研发汇总表'!E:T,5,FALSE) -> #N/A | I9: ==VLOOKUP(E9,'2025期功能研发汇总表'!E:S,3,FALSE) -> #N/A | J9: 已发布 | K9: ==VLOOKUP(E9,'2025期功能研发汇总表'!E:S,7,FALSE) -> #N/A | L9: ==VLOOKUP(E9,'2025期功能研发汇总表'!E:S,8,FALSE) -> #N/A | M9: ==VLOOKUP(E9,'2025期功能研发汇总表'!E:S,9,FALSE) -> #N/A
A10: 安全风险识别与利用分析 | B10: VEX文档管理 | C10: VEX文档全生命周期管理 | D10: VEX文档全生命周期管理 | E10: CISA VEX文档创建 | F10: ==VLOOKUP(E10,'2025期功能研发汇总表'!E:S,12,FALSE) -> V3.8.0-beat.1 | G10: ==VLOOKUP(E10,'2025期功能研发汇总表'!E:S,4,FALSE) -> 合同功能 | H10: ==VLOOKUP(E10,'2025期功能研发汇总表'!E:T,5,FALSE) -> 联调完成 | I10: ==VLOOKUP(E10,'2025期功能研发汇总表'!E:S,3,FALSE) -> 蔡云飞 | J10: 已发布 | K10: ==VLOOKUP(E10,'2025期功能研发汇总表'!E:S,7,FALSE) -> 运营·深耕/产品漏洞与风险识别/VEX生命周期管理 | L10: ==VLOOKUP(E10,'2025期功能研发汇总表'!E:S,8,FALSE) -> 新增按钮 | M10: ==VLOOKUP(E10,'2025期功能研发汇总表'!E:S,9,FALSE) -> 0
A11: 安全风险识别与利用分析 | B11: VEX文档管理 | C11: VEX文档全生命周期管理 | D11: VEX文档全生命周期管理 | E11: CISA VEX文档删除 | F11: ==VLOOKUP(E11,'2025期功能研发汇总表'!E:S,12,FALSE) -> V3.8.0-beat.1 | G11: ==VLOOKUP(E11,'2025期功能研发汇总表'!E:S,4,FALSE) -> 合同功能 | H11: ==VLOOKUP(E11,'2025期功能研发汇总表'!E:T,5,FALSE) -> 联调完成 | I11: ==VLOOKUP(E11,'2025期功能研发汇总表'!E:S,3,FALSE) -> 蔡云飞 | J11: 已发布 | K11: ==VLOOKUP(E11,'2025期功能研发汇总表'!E:S,7,FALSE) -> 运营·深耕/产品漏洞与风险识别/VEX生命周期管理 | L11: ==VLOOKUP(E11,'2025期功能研发汇总表'!E:S,8,FALSE) -> 删除按钮 | M11: ==VLOOKUP(E11,'2025期功能研发汇总表'!E:S,9,FALSE) -> 0
A12: 安全风险识别与利用分析 | B12: VEX文档管理 | C12: VEX文档全生命周期管理 | D12: VEX文档全生命周期管理 | E12: CISA VEX文档导入 | F12: ==VLOOKUP(E12,'2025期功能研发汇总表'!E:S,12,FALSE) -> V3.8.0-beat.1 | G12: ==VLOOKUP(E12,'2025期功能研发汇总表'!E:S,4,FALSE) -> 合同功能 | H12: ==VLOOKUP(E12,'2025期功能研发汇总表'!E:T,5,FALSE) -> 联调完成 | I12: ==VLOOKUP(E12,'2025期功能研发汇总表'!E:S,3,FALSE) -> 蔡云飞 | J12: 已发布 | K12: ==VLOOKUP(E12,'2025期功能研发汇总表'!E:S,7,FALSE) -> 运营·深耕/产品漏洞与风险识别/VEX生命周期管理 | L12: ==VLOOKUP(E12,'2025期功能研发汇总表'!E:S,8,FALSE) -> 导入按钮 | M12: ==VLOOKUP(E12,'2025期功能研发汇总表'!E:S,9,FALSE) -> 0
A13: 安全风险识别与利用分析 | B13: VEX文档管理 | C13: VEX文档全生命周期管理 | D13: VEX文档全生命周期管理 | E13: CISA VEX文档导出 | F13: ==VLOOKUP(E13,'2025期功能研发汇总表'!E:S,12,FALSE) -> V3.8.0-beat.1 | G13: ==VLOOKUP(E13,'2025期功能研发汇总表'!E:S,4,FALSE) -> 合同功能 | H13: ==VLOOKUP(E13,'2025期功能研发汇总表'!E:T,5,FALSE) -> 联调完成 | I13: ==VLOOKUP(E13,'2025期功能研发汇总表'!E:S,3,FALSE) -> 蔡云飞 | J13: 已发布 | K13: ==VLOOKUP(E13,'2025期功能研发汇总表'!E:S,7,FALSE) -> 运营·深耕/产品漏洞与风险识别/VEX生命周期管理 | L13: ==VLOOKUP(E13,'2025期功能研发汇总表'!E:S,8,FALSE) -> 导出按钮 | M13: ==VLOOKUP(E13,'2025期功能研发汇总表'!E:S,9,FALSE) -> 0
A14: 安全风险识别与利用分析 | B14: VEX文档管理 | C14: VEX文档全生命周期管理 | D14: VEX文档全生命周期管理 | E14: CISA VEX文档查看 | F14: ==VLOOKUP(E14,'2025期功能研发汇总表'!E:S,12,FALSE) -> V3.8.0-beat.1 | G14: ==VLOOKUP(E14,'2025期功能研发汇总表'!E:S,4,FALSE) -> 合同功能 | H14: ==VLOOKUP(E14,'2025期功能研发汇总表'!E:T,5,FALSE) -> 联调完成 | I14: ==VLOOKUP(E14,'2025期功能研发汇总表'!E:S,3,FALSE) -> 蔡云飞 | J14: 已发布 | K14: ==VLOOKUP(E14,'2025期功能研发汇总表'!E:S,7,FALSE) -> 运营·深耕/产品漏洞与风险识别/VEX生命周期管理 | L14: ==VLOOKUP(E14,'2025期功能研发汇总表'!E:S,8,FALSE) -> 查询按钮 | M14: ==VLOOKUP(E14,'2025期功能研发汇总表'!E:S,9,FALSE) -> 0
A15: 安全风险识别与利用分析 | B15: VEX文档管理 | C15: VEX文档全生命周期管理 | D15: VEX文档全生命周期管理 | E15: CISA VEX文档编辑 | F15: ==VLOOKUP(E15,'2025期功能研发汇总表'!E:S,12,FALSE) -> V3.8.0-beat.1 | G15: ==VLOOKUP(E15,'2025期功能研发汇总表'!E:S,4,FALSE) -> 合同功能 | H15: ==VLOOKUP(E15,'2025期功能研发汇总表'!E:T,5,FALSE) -> 联调完成 | I15: ==VLOOKUP(E15,'2025期功能研发汇总表'!E:S,3,FALSE) -> 蔡云飞 | J15: 已发布 | K15: ==VLOOKUP(E15,'2025期功能研发汇总表'!E:S,7,FALSE) -> 运营·深耕/产品漏洞与风险识别/VEX生命周期管理 | L15: ==VLOOKUP(E15,'2025期功能研发汇总表'!E:S,8,FALSE) -> 修改按钮 | M15: ==VLOOKUP(E15,'2025期功能研发汇总表'!E:S,9,FALSE) -> 0
A16: 安全风险识别与利用分析 | B16: VEX文档管理 | C16: VEX文档全生命周期管理 | D16: VEX文档全生命周期管理 | E16: CISA单个VEX文档关联产品 | F16: ==VLOOKUP(E16,'2025期功能研发汇总表'!E:S,12,FALSE) -> V3.8.0-beat.1 | G16: ==VLOOKUP(E16,'2025期功能研发汇总表'!E:S,4,FALSE) -> 合同功能 | H16: ==VLOOKUP(E16,'2025期功能研发汇总表'!E:T,5,FALSE) -> 联调完成 | I16: ==VLOOKUP(E16,'2025期功能研发汇总表'!E:S,3,FALSE) -> 蔡云飞 | J16: 已发布 | K16: ==VLOOKUP(E16,'2025期功能研发汇总表'!E:S,7,FALSE) -> 运营·深耕/产品漏洞与风险识别/VEX生命周期管理 | L16: ==VLOOKUP(E16,'2025期功能研发汇总表'!E:S,8,FALSE) -> 列表关联查询展示 | M16: ==VLOOKUP(E16,'2025期功能研发汇总表'!E:S,9,FALSE) -> 0
A17: 安全风险识别与利用分析 | B17: VEX文档管理 | C17: VEX文档解析展示 | D17: VEX文档解析展示 | E17: 修改基础模板 | F17: ==VLOOKUP(E17,'2025期功能研发汇总表'!E:S,12,FALSE) -> V3.8.0-beat.1 | G17: ==VLOOKUP(E17,'2025期功能研发汇总表'!E:S,4,FALSE) -> 合同功能 | H17: ==VLOOKUP(E17,'2025期功能研发汇总表'!E:T,5,FALSE) -> 联调完成 | I17: ==VLOOKUP(E17,'2025期功能研发汇总表'!E:S,3,FALSE) -> 蔡云飞 | J17: 已发布 | K17: ==VLOOKUP(E17,'2025期功能研发汇总表'!E:S,7,FALSE) -> 运营·深耕/产品漏洞与风险识别/VEX文档解析管理 | L17: ==VLOOKUP(E17,'2025期功能研发汇总表'!E:S,8,FALSE) -> 修改按钮 | M17: ==VLOOKUP(E17,'2025期功能研发汇总表'!E:S,9,FALSE) -> 0
A18: 安全风险识别与利用分析 | B18: VEX文档管理 | C18: VEX文档解析展示 | D18: VEX文档解析展示 | E18: 删除基础模板 | F18: ==VLOOKUP(E18,'2025期功能研发汇总表'!E:S,12,FALSE) -> V3.8.0-beat.1 | G18: ==VLOOKUP(E18,'2025期功能研发汇总表'!E:S,4,FALSE) -> 合同功能 | H18: ==VLOOKUP(E18,'2025期功能研发汇总表'!E:T,5,FALSE) -> 联调完成 | I18: ==VLOOKUP(E18,'2025期功能研发汇总表'!E:S,3,FALSE) -> 蔡云飞 | J18: 已发布 | K18: ==VLOOKUP(E18,'2025期功能研发汇总表'!E:S,7,FALSE) -> 运营·深耕/产品漏洞与风险识别/VEX文档解析管理 | L18: ==VLOOKUP(E18,'2025期功能研发汇总表'!E:S,8,FALSE) -> 删除按钮 | M18: ==VLOOKUP(E18,'2025期功能研发汇总表'!E:S,9,FALSE) -> 0
A19: 安全风险识别与利用分析 | B19: VEX文档管理 | C19: VEX文档解析展示 | D19: VEX文档解析展示 | E19: 导入基础模板 | F19: ==VLOOKUP(E19,'2025期功能研发汇总表'!E:S,12,FALSE) -> V3.8.0-beat.1 | G19: ==VLOOKUP(E19,'2025期功能研发汇总表'!E:S,4,FALSE) -> 合同功能 | H19: ==VLOOKUP(E19,'2025期功能研发汇总表'!E:T,5,FALSE) -> 联调完成 | I19: ==VLOOKUP(E19,'2025期功能研发汇总表'!E:S,3,FALSE) -> 蔡云飞 | J19: 已发布 | K19: ==VLOOKUP(E19,'2025期功能研发汇总表'!E:S,7,FALSE) -> 运营·深耕/产品漏洞与风险识别/VEX文档解析管理 | L19: ==VLOOKUP(E19,'2025期功能研发汇总表'!E:S,8,FALSE) -> 导入按钮 | M19: ==VLOOKUP(E19,'2025期功能研发汇总表'!E:S,9,FALSE) -> 0
... A68: 漏洞概念验证全生命周期管理 | B68: 漏洞概念验证插件配置管理 | C68: 插件验证与审核 | D68: 插件验证与审核 | E68: 查看插件信息及其关联漏洞信息 | F68: ==VLOOKUP(E68,'2025期功能研发汇总表'!E:S,12,FALSE) -> V3.8.0-beat.1 | G68: ==VLOOKUP(E68,'2025期功能研发汇总表'!E:S,4,FALSE) -> 合同功能 | H68: ==VLOOKUP(E68,'2025期功能研发汇总表'!E:T,5,FALSE) -> 联调完成 | I68: ==VLOOKUP(E68,'2025期功能研发汇总表'!E:S,3,FALSE) -> 张明峰 | J68: 已发布 | K68: ==VLOOKUP(E68,'2025期功能研发汇总表'!E:S,7,FALSE) -> 运营·深耕/漏洞概念验证/插件本地管理 | L68: ==VLOOKUP(E68,'2025期功能研发汇总表'!E:S,8,FALSE) -> 点击列表数据漏洞ID | M68: ==VLOOKUP(E68,'2025期功能研发汇总表'!E:S,9,FALSE) -> 0
A69: 漏洞概念验证全生命周期管理 | B69: 漏洞概念验证插件配置管理 | C69: 插件验证与审核 | D69: 插件验证与审核 | E69: 人工线下初步验证插件 | F69: ==VLOOKUP(E69,'2025期功能研发汇总表'!E:S,12,FALSE) -> 未发版 | G69: ==VLOOKUP(E69,'2025期功能研发汇总表'!E:S,4,FALSE) -> 合同功能 | H69: ==VLOOKUP(E69,'2025期功能研发汇总表'!E:T,5,FALSE) -> 已废弃 | I69: ==VLOOKUP(E69,'2025期功能研发汇总表'!E:S,3,FALSE) -> 张明峰 | K69: ==VLOOKUP(E69,'2025期功能研发汇总表'!E:S,7,FALSE) -> 0 | L69: ==VLOOKUP(E69,'2025期功能研发汇总表'!E:S,8,FALSE) -> 0 | M69: ==VLOOKUP(E69,'2025期功能研发汇总表'!E:S,9,FALSE) -> 0
A70: 漏洞概念验证全生命周期管理 | B70: 漏洞概念验证插件配置管理 | C70: 插件验证与审核 | D70: 插件验证与审核 | E70: 插件基础安全性 | F70: ==VLOOKUP(E70,'2025期功能研发汇总表'!E:S,12,FALSE) -> V3.8.0-beat.2 | G70: ==VLOOKUP(E70,'2025期功能研发汇总表'!E:S,4,FALSE) -> 合同功能 | H70: ==VLOOKUP(E70,'2025期功能研发汇总表'!E:T,5,FALSE) -> 联调完成 | I70: ==VLOOKUP(E70,'2025期功能研发汇总表'!E:S,3,FALSE) -> 张明峰 | J70: 已部署 | K70: ==VLOOKUP(E70,'2025期功能研发汇总表'!E:S,7,FALSE) -> 运营·深耕/漏洞概念验证/插件验证与审核 | L70: ==VLOOKUP(E70,'2025期功能研发汇总表'!E:S,8,FALSE) -> 点击"安全检测"按钮打开界面操作 | M70: ==VLOOKUP(E70,'2025期功能研发汇总表'!E:S,9,FALSE) -> 0
A71: 漏洞概念验证全生命周期管理 | B71: 漏洞概念验证插件配置管理 | C71: 插件验证与审核 | D71: 插件验证与审核 | E71: 人工线下验证插件基础安全性 | F71: ==VLOOKUP(E71,'2025期功能研发汇总表'!E:S,12,FALSE) -> 未发版 | G71: ==VLOOKUP(E71,'2025期功能研发汇总表'!E:S,4,FALSE) -> 合同功能 | H71: ==VLOOKUP(E71,'2025期功能研发汇总表'!E:T,5,FALSE) -> 已废弃 | I71: ==VLOOKUP(E71,'2025期功能研发汇总表'!E:S,3,FALSE) -> 张明峰 | K71: ==VLOOKUP(E71,'2025期功能研发汇总表'!E:S,7,FALSE) -> 运营·深耕/漏洞概念验证/插件验证与审核 | L71: ==VLOOKUP(E71,'2025期功能研发汇总表'!E:S,8,FALSE) -> 0 | M71: ==VLOOKUP(E71,'2025期功能研发汇总表'!E:S,9,FALSE) -> 0
A72: 漏洞概念验证全生命周期管理 | B72: 漏洞概念验证插件配置管理 | C72: 插件验证与审核 | D72: 插件验证与审核 | E72: 提交到部侧漏管平台审核 | F72: ==VLOOKUP(E72,'2025期功能研发汇总表'!E:S,12,FALSE) -> V3.8.0-beat.1 | G72: ==VLOOKUP(E72,'2025期功能研发汇总表'!E:S,4,FALSE) -> 合同功能 | H72: ==VLOOKUP(E72,'2025期功能研发汇总表'!E:T,5,FALSE) -> 联调完成 | I72: ==VLOOKUP(E72,'2025期功能研发汇总表'!E:S,3,FALSE) -> 张明峰 | J72: 已发布 | K72: ==VLOOKUP(E72,'2025期功能研发汇总表'!E:S,7,FALSE) -> 运营·深耕/漏洞概念验证/插件验证与审核 | L72: ==VLOOKUP(E72,'2025期功能研发汇总表'!E:S,8,FALSE) -> 点击"提交审核"按钮打开界面操作 | M72: ==VLOOKUP(E72,'2025期功能研发汇总表'!E:S,9,FALSE) -> 0
A73: 漏洞概念验证全生命周期管理 | B73: 漏洞概念验证插件配置管理 | C73: 插件验证与审核 | D73: 插件验证与审核 | E73: 插件等级评定 | F73: ==VLOOKUP(E73,'2025期功能研发汇总表'!E:S,12,FALSE) -> V3.8.0-beat.2 | G73: ==VLOOKUP(E73,'2025期功能研发汇总表'!E:S,4,FALSE) -> 合同功能 | H73: ==VLOOKUP(E73,'2025期功能研发汇总表'!E:T,5,FALSE) -> 联调完成 | I73: ==VLOOKUP(E73,'2025期功能研发汇总表'!E:S,3,FALSE) -> 张明峰 | J73: 已部署 | K73: ==VLOOKUP(E73,'2025期功能研发汇总表'!E:S,7,FALSE) -> 运营·深耕/漏洞概念验证/插件验证与审核 | L73: ==VLOOKUP(E73,'2025期功能研发汇总表'!E:S,8,FALSE) -> 点击"等级评定"按钮打开界面操作 | M73: ==VLOOKUP(E73,'2025期功能研发汇总表'!E:S,9,FALSE) -> 0
A74: 漏洞概念验证全生命周期管理 | B74: 漏洞概念验证插件配置管理 | C74: 插件验证与审核 | D74: 插件验证与审核 | E74: 综合判定插件状态 | F74: ==VLOOKUP(E74,'2025期功能研发汇总表'!E:S,12,FALSE) -> V3.8.0-beat.2 | G74: ==VLOOKUP(E74,'2025期功能研发汇总表'!E:S,4,FALSE) -> 合同功能 | H74: ==VLOOKUP(E74,'2025期功能研发汇总表'!E:T,5,FALSE) -> 联调完成 | I74: ==VLOOKUP(E74,'2025期功能研发汇总表'!E:S,3,FALSE) -> 张明峰 | J74: 已部署 | K74: ==VLOOKUP(E74,'2025期功能研发汇总表'!E:S,7,FALSE) -> 运营·深耕/漏洞概念验证/插件验证与审核 | L74: ==VLOOKUP(E74,'2025期功能研发汇总表'!E:S,8,FALSE) -> 点击"状态判定"按钮打开界面操作 | M74: ==VLOOKUP(E74,'2025期功能研发汇总表'!E:S,9,FALSE) -> 0
A75: 漏洞概念验证全生命周期管理 | B75: 漏洞概念验证插件配置管理 | C75: 插件验证与审核 | D75: 插件验证与审核 | E75: 部侧调用企业测接口同步审核结果 | F75: ==VLOOKUP(E75,'2025期功能研发汇总表'!E:S,12,FALSE) -> V3.8.0-beat.2 | G75: ==VLOOKUP(E75,'2025期功能研发汇总表'!E:S,4,FALSE) -> 合同功能 | H75: ==VLOOKUP(E75,'2025期功能研发汇总表'!E:T,5,FALSE) -> 联调完成 | I75: ==VLOOKUP(E75,'2025期功能研发汇总表'!E:S,3,FALSE) -> 张明峰 | J75: 已部署 | K75: ==VLOOKUP(E75,'2025期功能研发汇总表'!E:S,7,FALSE) -> 运营·深耕/漏洞概念验证/插件验证与审核 | L75: ==VLOOKUP(E75,'2025期功能研发汇总表'!E:S,8,FALSE) -> 点击"同步结果"按钮打开界面操作 | M75: ==VLOOKUP(E75,'2025期功能研发汇总表'!E:S,9,FALSE) -> 0
A76: 漏洞概念验证全生命周期管理 | B76: 漏洞概念验证插件配置管理 | C76: 插件验证与审核 | D76: 插件验证与审核 | E76: 已审核插件匹配本地漏洞 | F76: ==VLOOKUP(E76,'2025期功能研发汇总表'!E:S,12,FALSE) -> 未发版 | G76: ==VLOOKUP(E76,'2025期功能研发汇总表'!E:S,4,FALSE) -> 合同功能 | H76: ==VLOOKUP(E76,'2025期功能研发汇总表'!E:T,5,FALSE) -> 已废弃 | I76: ==VLOOKUP(E76,'2025期功能研发汇总表'!E:S,3,FALSE) -> 张明峰 | K76: ==VLOOKUP(E76,'2025期功能研发汇总表'!E:S,7,FALSE) -> 运营·深耕/漏洞概念验证/插件验证与审核 | L76: ==VLOOKUP(E76,'2025期功能研发汇总表'!E:S,8,FALSE) -> 0 | M76: ==VLOOKUP(E76,'2025期功能研发汇总表'!E:S,9,FALSE) -> 0
A77: 漏洞概念验证全生命周期管理 | B77: 漏洞概念验证插件配置管理 | C77: POC插件运行管理 | D77: POC插件运行管理 | E77: 本地引擎离线导入插件 | F77: ==VLOOKUP(E77,'2025期功能研发汇总表'!E:S,12,FALSE) -> V3.8.0-beat.1 | G77: ==VLOOKUP(E77,'2025期功能研发汇总表'!E:S,4,FALSE) -> 合同功能 | H77: ==VLOOKUP(E77,'2025期功能研发汇总表'!E:T,5,FALSE) -> 联调完成 | I77: ==VLOOKUP(E77,'2025期功能研发汇总表'!E:S,3,FALSE) -> 张明峰 | J77: 已发布 | K77: ==VLOOKUP(E77,'2025期功能研发汇总表'!E:S,7,FALSE) -> 运营·深耕/漏洞概念验证/POC插件运行管理 | L77: ==VLOOKUP(E77,'2025期功能研发汇总表'!E:S,8,FALSE) -> 0 | M77: ==VLOOKUP(E77,'2025期功能研发汇总表'!E:S,9,FALSE) -> 0
A78: 漏洞概念验证全生命周期管理 | B78: 漏洞概念验证插件配置管理 | C78: POC插件运行管理 | D78: POC插件运行管理 | E78: 输入输出数据参数管理 | F78: ==VLOOKUP(E78,'2025期功能研发汇总表'!E:S,12,FALSE) -> V3.8.0-beat.1 | G78: ==VLOOKUP(E78,'2025期功能研发汇总表'!E:S,4,FALSE) -> 合同功能 | H78: ==VLOOKUP(E78,'2025期功能研发汇总表'!E:T,5,FALSE) -> 联调完成 | I78: ==VLOOKUP(E78,'2025期功能研发汇总表'!E:S,3,FALSE) -> 张明峰 | J78: 已发布 | K78: ==VLOOKUP(E78,'2025期功能研发汇总表'!E:S,7,FALSE) -> 运营·深耕/漏洞概念验证/POC插件运行管理 | L78: ==VLOOKUP(E78,'2025期功能研发汇总表'!E:S,8,FALSE) -> 0 | M78: ==VLOOKUP(E78,'2025期功能研发汇总表'!E:S,9,FALSE) -> 0
A79: 漏洞概念验证全生命周期管理 | B79: 漏洞概念验证插件配置管理 | C79: POC插件运行管理 | D79: POC插件运行管理 | E79: 用户提交POC任务 | F79: ==VLOOKUP(E79,'2025期功能研发汇总表'!E:S,12,FALSE) -> V3.8.0-beat.1 | G79: ==VLOOKUP(E79,'2025期功能研发汇总表'!E:S,4,FALSE) -> 合同功能 | H79: ==VLOOKUP(E79,'2025期功能研发汇总表'!E:T,5,FALSE) -> 联调完成 | I79: ==VLOOKUP(E79,'2025期功能研发汇总表'!E:S,3,FALSE) -> 张明峰 | J79: 已发布 | K79: ==VLOOKUP(E79,'2025期功能研发汇总表'!E:S,7,FALSE) -> 运营·深耕/漏洞概念验证/POC插件运行管理 | L79: ==VLOOKUP(E79,'2025期功能研发汇总表'!E:S,8,FALSE) -> 0 | M79: ==VLOOKUP(E79,'2025期功能研发汇总表'!E:S,9,FALSE) -> 0
A80: 漏洞概念验证全生命周期管理 | B80: 漏洞概念验证插件配置管理 | C80: POC插件运行管理 | D80: POC插件运行管理 | E80: 创建任务界面查询POC插件 | F80: ==VLOOKUP(E80,'2025期功能研发汇总表'!E:S,12,FALSE) -> V3.8.0-beat.1 | G80: ==VLOOKUP(E80,'2025期功能研发汇总表'!E:S,4,FALSE) -> 合同功能 | H80: ==VLOOKUP(E80,'2025期功能研发汇总表'!E:T,5,FALSE) -> 联调完成 | I80: ==VLOOKUP(E80,'2025期功能研发汇总表'!E:S,3,FALSE) -> 张明峰 | J80: 已发布 | K80: ==VLOOKUP(E80,'2025期功能研发汇总表'!E:S,7,FALSE) -> 运营·深耕/漏洞概念验证/POC插件运行管理 | L80: ==VLOOKUP(E80,'2025期功能研发汇总表'!E:S,8,FALSE) -> 0 | M80: ==VLOOKUP(E80,'2025期功能研发汇总表'!E:S,9,FALSE) -> 0
A81: 漏洞概念验证全生命周期管理 | B81: 漏洞概念验证插件配置管理 | C81: POC插件运行管理 | D81: POC插件运行管理 | E81: 查询产品漏洞 | F81: ==VLOOKUP(E81,'2025期功能研发汇总表'!E:S,12,FALSE) -> V3.8.0-beat.1 | G81: ==VLOOKUP(E81,'2025期功能研发汇总表'!E:S,4,FALSE) -> 合同功能 | H81: ==VLOOKUP(E81,'2025期功能研发汇总表'!E:T,5,FALSE) -> 联调完成 | I81: ==VLOOKUP(E81,'2025期功能研发汇总表'!E:S,3,FALSE) -> 张明峰 | J81: 已发布 | K81: ==VLOOKUP(E81,'2025期功能研发汇总表'!E:S,7,FALSE) -> 运营·深耕/漏洞概念验证/POC插件运行管理 | L81: ==VLOOKUP(E81,'2025期功能研发汇总表'!E:S,8,FALSE) -> 0 | M81: ==VLOOKUP(E81,'2025期功能研发汇总表'!E:S,9,FALSE) -> 0
A82: 漏洞概念验证全生命周期管理 | B82: 漏洞概念验证插件配置管理 | C82: POC插件运行管理 | D82: POC插件运行管理 | E82: 询选择任务接收人 | F82: ==VLOOKUP(E82,'2025期功能研发汇总表'!E:S,12,FALSE) -> V3.8.0-beat.1 | G82: ==VLOOKUP(E82,'2025期功能研发汇总表'!E:S,4,FALSE) -> 合同功能 | H82: ==VLOOKUP(E82,'2025期功能研发汇总表'!E:T,5,FALSE) -> 联调完成 | I82: ==VLOOKUP(E82,'2025期功能研发汇总表'!E:S,3,FALSE) -> 张明峰 | J82: 已发布 | K82: ==VLOOKUP(E82,'2025期功能研发汇总表'!E:S,7,FALSE) -> 运营·深耕/漏洞概念验证/POC插件运行管理 | L82: ==VLOOKUP(E82,'2025期功能研发汇总表'!E:S,8,FALSE) -> 0 | M82: ==VLOOKUP(E82,'2025期功能研发汇总表'!E:S,9,FALSE) -> 0
A83: 漏洞概念验证全生命周期管理 | B83: 漏洞概念验证插件配置管理 | C83: POC插件运行管理 | D83: POC插件运行管理 | E83: 查询选择资产范围 | F83: ==VLOOKUP(E83,'2025期功能研发汇总表'!E:S,12,FALSE) -> V3.8.0-beat.1 | G83: ==VLOOKUP(E83,'2025期功能研发汇总表'!E:S,4,FALSE) -> 合同功能 | H83: ==VLOOKUP(E83,'2025期功能研发汇总表'!E:T,5,FALSE) -> 联调完成 | I83: ==VLOOKUP(E83,'2025期功能研发汇总表'!E:S,3,FALSE) -> 张明峰 | J83: 已发布 | K83: ==VLOOKUP(E83,'2025期功能研发汇总表'!E:S,7,FALSE) -> 运营·深耕/漏洞概念验证/POC插件运行管理 | L83: ==VLOOKUP(E83,'2025期功能研发汇总表'!E:S,8,FALSE) -> 0 | M83: ==VLOOKUP(E83,'2025期功能研发汇总表'!E:S,9,FALSE) -> 0
A84: 漏洞概念验证全生命周期管理 | B84: 漏洞概念验证插件配置管理 | C84: POC插件运行管理 | D84: POC插件运行管理 | E84: 查询选择POC插件 | F84: ==VLOOKUP(E84,'2025期功能研发汇总表'!E:S,12,FALSE) -> V3.8.0-beat.1 | G84: ==VLOOKUP(E84,'2025期功能研发汇总表'!E:S,4,FALSE) -> 合同功能 | H84: ==VLOOKUP(E84,'2025期功能研发汇总表'!E:T,5,FALSE) -> 联调完成 | I84: ==VLOOKUP(E84,'2025期功能研发汇总表'!E:S,3,FALSE) -> 张明峰 | J84: 已发布 | K84: ==VLOOKUP(E84,'2025期功能研发汇总表'!E:S,7,FALSE) -> 运营·深耕/漏洞概念验证/POC插件运行管理 | L84: ==VLOOKUP(E84,'2025期功能研发汇总表'!E:S,8,FALSE) -> 0 | M84: ==VLOOKUP(E84,'2025期功能研发汇总表'!E:S,9,FALSE) -> 0
A85: 漏洞概念验证全生命周期管理 | B85: 漏洞概念验证插件配置管理 | C85: POC插件运行管理 | D85: POC插件运行管理 | E85: 设置扫描序列 | F85: ==VLOOKUP(E85,'2025期功能研发汇总表'!E:S,12,FALSE) -> V3.8.0-beat.1 | G85: ==VLOOKUP(E85,'2025期功能研发汇总表'!E:S,4,FALSE) -> 合同功能 | H85: ==VLOOKUP(E85,'2025期功能研发汇总表'!E:T,5,FALSE) -> 联调完成 | I85: ==VLOOKUP(E85,'2025期功能研发汇总表'!E:S,3,FALSE) -> 张明峰 | J85: 已发布 | K85: ==VLOOKUP(E85,'2025期功能研发汇总表'!E:S,7,FALSE) -> 运营·深耕/漏洞概念验证/POC插件运行管理 | L85: ==VLOOKUP(E85,'2025期功能研发汇总表'!E:S,8,FALSE) -> 0 | M85: ==VLOOKUP(E85,'2025期功能研发汇总表'!E:S,9,FALSE) -> 0
A86: 漏洞概念验证全生命周期管理 | B86: 漏洞概念验证插件配置管理 | C86: POC插件运行管理 | D86: POC插件运行管理 | E86: 任务追踪页面查看异常信息 | F86: ==VLOOKUP(E86,'2025期功能研发汇总表'!E:S,12,FALSE) -> V3.8.0-beat.1 | G86: ==VLOOKUP(E86,'2025期功能研发汇总表'!E:S,4,FALSE) -> 合同功能 | H86: ==VLOOKUP(E86,'2025期功能研发汇总表'!E:T,5,FALSE) -> 联调完成 | I86: ==VLOOKUP(E86,'2025期功能研发汇总表'!E:S,3,FALSE) -> 张明峰 | J86: 已发布 | K86: ==VLOOKUP(E86,'2025期功能研发汇总表'!E:S,7,FALSE) -> 运营·深耕/漏洞概念验证/POC插件运行管理 | L86: ==VLOOKUP(E86,'2025期功能研发汇总表'!E:S,8,FALSE) -> 0 | M86: ==VLOOKUP(E86,'2025期功能研发汇总表'!E:S,9,FALSE) -> 0
A87: 漏洞概念验证全生命周期管理 | B87: 漏洞概念验证插件配置管理 | C87: POC插件运行管理 | D87: POC插件运行管理 | E87: 任务追踪页面查看资产信息 | F87: ==VLOOKUP(E87,'2025期功能研发汇总表'!E:S,12,FALSE) -> V3.8.0-beat.1 | G87: ==VLOOKUP(E87,'2025期功能研发汇总表'!E:S,4,FALSE) -> 合同功能 | H87: ==VLOOKUP(E87,'2025期功能研发汇总表'!E:T,5,FALSE) -> 联调完成 | I87: ==VLOOKUP(E87,'2025期功能研发汇总表'!E:S,3,FALSE) -> 张明峰 | J87: 已发布 | K87: ==VLOOKUP(E87,'2025期功能研发汇总表'!E:S,7,FALSE) -> 运营·深耕/漏洞概念验证/POC插件运行管理 | L87: ==VLOOKUP(E87,'2025期功能研发汇总表'!E:S,8,FALSE) -> 0 | M87: ==VLOOKUP(E87,'2025期功能研发汇总表'!E:S,9,FALSE) -> 0
A88: 漏洞概念验证全生命周期管理 | B88: 漏洞概念验证插件配置管理 | C88: POC插件运行管理 | D88: POC插件运行管理 | E88: 任务追踪页面查看漏洞信息 | F88: ==VLOOKUP(E88,'2025期功能研发汇总表'!E:S,12,FALSE) -> V3.8.0-beat.1 | G88: ==VLOOKUP(E88,'2025期功能研发汇总表'!E:S,4,FALSE) -> 合同功能 | H88: ==VLOOKUP(E88,'2025期功能研发汇总表'!E:T,5,FALSE) -> 联调完成 | I88: ==VLOOKUP(E88,'2025期功能研发汇总表'!E:S,3,FALSE) -> 张明峰 | J88: 已发布 | K88: ==VLOOKUP(E88,'2025期功能研发汇总表'!E:S,7,FALSE) -> 运营·深耕/漏洞概念验证/POC插件运行管理 | L88: ==VLOOKUP(E88,'2025期功能研发汇总表'!E:S,8,FALSE) -> 0 | M88: ==VLOOKUP(E88,'2025期功能研发汇总表'!E:S,9,FALSE) -> 0
... A93: 漏洞概念验证全生命周期管理 | B93: 漏洞概念验证插件配置管理 | C93: 插件执行结果分析 | D93: 插件执行结果分析 | E93: POC验证任务主动结束 | F93: ==VLOOKUP(E93,'2025期功能研发汇总表'!E:S,12,FALSE) -> 未发版 | G93: ==VLOOKUP(E93,'2025期功能研发汇总表'!E:S,4,FALSE) -> 合同功能 | H93: ==VLOOKUP(E93,'2025期功能研发汇总表'!E:T,5,FALSE) -> 已废弃 | I93: ==VLOOKUP(E93,'2025期功能研发汇总表'!E:S,3,FALSE) -> 张明峰 | J93: 已部署 | K93: ==VLOOKUP(E93,'2025期功能研发汇总表'!E:S,7,FALSE) -> 0 | L93: ==VLOOKUP(E93,'2025期功能研发汇总表'!E:S,8,FALSE) -> 0 | M93: ==VLOOKUP(E93,'2025期功能研发汇总表'!E:S,9,FALSE) -> 0
A94: 漏洞概念验证全生命周期管理 | B94: 漏洞概念验证插件配置管理 | C94: 插件执行回收与迭代优化 | D94: 插件执行回收与迭代优化 | E94: 配置插件扫描参数 | F94: ==VLOOKUP(E94,'2025期功能研发汇总表'!E:S,12,FALSE) -> 未发版 | G94: ==VLOOKUP(E94,'2025期功能研发汇总表'!E:S,4,FALSE) -> 合同功能 | H94: ==VLOOKUP(E94,'2025期功能研发汇总表'!E:T,5,FALSE) -> 已废弃 | I94: ==VLOOKUP(E94,'2025期功能研发汇总表'!E:S,3,FALSE) -> 张明峰 | K94: ==VLOOKUP(E94,'2025期功能研发汇总表'!E:S,7,FALSE) -> 0 | L94: ==VLOOKUP(E94,'2025期功能研发汇总表'!E:S,8,FALSE) -> 0 | M94: ==VLOOKUP(E94,'2025期功能研发汇总表'!E:S,9,FALSE) -> 0
A95: 漏洞概念验证全生命周期管理 | B95: 漏洞概念验证插件配置管理 | C95: 插件执行回收与迭代优化 | D95: 插件执行回收与迭代优化 | E95: 查看POC插件扫描任务报告列表 | F95: ==VLOOKUP(E95,'2025期功能研发汇总表'!E:S,12,FALSE) -> V3.8.0-beat.2 | G95: ==VLOOKUP(E95,'2025期功能研发汇总表'!E:S,4,FALSE) -> 合同功能 | H95: ==VLOOKUP(E95,'2025期功能研发汇总表'!E:T,5,FALSE) -> 联调完成 | I95: ==VLOOKUP(E95,'2025期功能研发汇总表'!E:S,3,FALSE) -> 张明峰 | J95: 已部署 | K95: ==VLOOKUP(E95,'2025期功能研发汇总表'!E:S,7,FALSE) -> 运营·深耕/漏洞概念验证/插件执行回收与迭代优化 | L95: ==VLOOKUP(E95,'2025期功能研发汇总表'!E:S,8,FALSE) -> 点击生成报告按钮，"选择扫描任务"页查询任务列表 | M95: ==VLOOKUP(E95,'2025期功能研发汇总表'!E:S,9,FALSE) -> 0
A96: 漏洞概念验证全生命周期管理 | B96: 漏洞概念验证插件配置管理 | C96: 插件执行回收与迭代优化 | D96: 插件执行回收与迭代优化 | E96: 提交扫描报告生成请求 | F96: ==VLOOKUP(E96,'2025期功能研发汇总表'!E:S,12,FALSE) -> 未发版 | G96: ==VLOOKUP(E96,'2025期功能研发汇总表'!E:S,4,FALSE) -> 合同功能 | H96: ==VLOOKUP(E96,'2025期功能研发汇总表'!E:T,5,FALSE) -> 联调完成 | I96: ==VLOOKUP(E96,'2025期功能研发汇总表'!E:S,3,FALSE) -> 张明峰 | J96: 已部署 | K96: ==VLOOKUP(E96,'2025期功能研发汇总表'!E:S,7,FALSE) -> 运营·深耕/漏洞概念验证/插件执行回收与迭代优化 | L96: ==VLOOKUP(E96,'2025期功能研发汇总表'!E:S,8,FALSE) -> 点击生成报告按钮，"确认提交"页提交申请 | M96: ==VLOOKUP(E96,'2025期功能研发汇总表'!E:S,9,FALSE) -> 0
A97: 漏洞概念验证全生命周期管理 | B97: 漏洞概念验证插件配置管理 | C97: 插件执行回收与迭代优化 | D97: 插件执行回收与迭代优化 | E97: 生成POC报告文件 | F97: ==VLOOKUP(E97,'2025期功能研发汇总表'!E:S,12,FALSE) -> 未发版 | G97: ==VLOOKUP(E97,'2025期功能研发汇总表'!E:S,4,FALSE) -> 合同功能 | H97: ==VLOOKUP(E97,'2025期功能研发汇总表'!E:T,5,FALSE) -> 已废弃 | I97: ==VLOOKUP(E97,'2025期功能研发汇总表'!E:S,3,FALSE) -> 张明峰 | K97: ==VLOOKUP(E97,'2025期功能研发汇总表'!E:S,7,FALSE) -> 0 | L97: ==VLOOKUP(E97,'2025期功能研发汇总表'!E:S,8,FALSE) -> 0 | M97: ==VLOOKUP(E97,'2025期功能研发汇总表'!E:S,9,FALSE) -> 0
A98: 漏洞概念验证全生命周期管理 | B98: 漏洞概念验证插件配置管理 | C98: 插件执行回收与迭代优化 | D98: 插件执行回收与迭代优化 | E98: 生成概念验证报告文件 | F98: ==VLOOKUP(E98,'2025期功能研发汇总表'!E:S,12,FALSE) -> 未发版 | G98: ==VLOOKUP(E98,'2025期功能研发汇总表'!E:S,4,FALSE) -> 合同功能 | H98: ==VLOOKUP(E98,'2025期功能研发汇总表'!E:T,5,FALSE) -> 已废弃 | I98: ==VLOOKUP(E98,'2025期功能研发汇总表'!E:S,3,FALSE) -> 张明峰 | K98: ==VLOOKUP(E98,'2025期功能研发汇总表'!E:S,7,FALSE) -> 0 | L98: ==VLOOKUP(E98,'2025期功能研发汇总表'!E:S,8,FALSE) -> 0 | M98: ==VLOOKUP(E98,'2025期功能研发汇总表'!E:S,9,FALSE) -> 0
A99: 漏洞概念验证全生命周期管理 | B99: 漏洞概念验证插件配置管理 | C99: 插件执行回收与迭代优化 | D99: 插件执行回收与迭代优化 | E99: 生成POC报告结束请求 | F99: ==VLOOKUP(E99,'2025期功能研发汇总表'!E:S,12,FALSE) -> 未发版 | G99: ==VLOOKUP(E99,'2025期功能研发汇总表'!E:S,4,FALSE) -> 合同功能 | H99: ==VLOOKUP(E99,'2025期功能研发汇总表'!E:T,5,FALSE) -> 已废弃 | I99: ==VLOOKUP(E99,'2025期功能研发汇总表'!E:S,3,FALSE) -> 张明峰 | K99: ==VLOOKUP(E99,'2025期功能研发汇总表'!E:S,7,FALSE) -> 0 | L99: ==VLOOKUP(E99,'2025期功能研发汇总表'!E:S,8,FALSE) -> 0 | M99: ==VLOOKUP(E99,'2025期功能研发汇总表'!E:S,9,FALSE) -> 0
A100: 漏洞概念验证全生命周期管理 | B100: 漏洞概念验证插件配置管理 | C100: 插件执行回收与迭代优化 | D100: 插件执行回收与迭代优化 | E100: 生成概念验证报告结束请求 | F100: ==VLOOKUP(E100,'2025期功能研发汇总表'!E:S,12,FALSE) -> 未发版 | G100: ==VLOOKUP(E100,'2025期功能研发汇总表'!E:S,4,FALSE) -> 合同功能 | H100: ==VLOOKUP(E100,'2025期功能研发汇总表'!E:T,5,FALSE) -> 已废弃 | I100: ==VLOOKUP(E100,'2025期功能研发汇总表'!E:S,3,FALSE) -> 张明峰 | K100: ==VLOOKUP(E100,'2025期功能研发汇总表'!E:S,7,FALSE) -> 0 | L100: ==VLOOKUP(E100,'2025期功能研发汇总表'!E:S,8,FALSE) -> 0 | M100: ==VLOOKUP(E100,'2025期功能研发汇总表'!E:S,9,FALSE) -> 0
A101: 漏洞概念验证全生命周期管理 | B101: 漏洞概念验证插件配置管理 | C101: 插件执行回收与迭代优化 | D101: 插件执行回收与迭代优化 | E101: 实时查询报告生成状态 | F101: ==VLOOKUP(E101,'2025期功能研发汇总表'!E:S,12,FALSE) -> 未发版 | G101: ==VLOOKUP(E101,'2025期功能研发汇总表'!E:S,4,FALSE) -> 合同功能 | H101: ==VLOOKUP(E101,'2025期功能研发汇总表'!E:T,5,FALSE) -> 已废弃 | I101: ==VLOOKUP(E101,'2025期功能研发汇总表'!E:S,3,FALSE) -> 张明峰 | K101: ==VLOOKUP(E101,'2025期功能研发汇总表'!E:S,7,FALSE) -> 0 | L101: ==VLOOKUP(E101,'2025期功能研发汇总表'!E:S,8,FALSE) -> 0 | M101: ==VLOOKUP(E101,'2025期功能研发汇总表'!E:S,9,FALSE) -> 0
A102: 漏洞概念验证全生命周期管理 | B102: 漏洞概念验证插件配置管理 | C102: 插件执行回收与迭代优化 | D102: 插件执行回收与迭代优化 | E102: 下载已生成的POC报告 | F102: ==VLOOKUP(E102,'2025期功能研发汇总表'!E:S,12,FALSE) -> V3.8.0-beat.2 | G102: ==VLOOKUP(E102,'2025期功能研发汇总表'!E:S,4,FALSE) -> 合同功能 | H102: ==VLOOKUP(E102,'2025期功能研发汇总表'!E:T,5,FALSE) -> 联调完成 | I102: ==VLOOKUP(E102,'2025期功能研发汇总表'!E:S,3,FALSE) -> 张明峰 | J102: 已部署 | K102: ==VLOOKUP(E102,'2025期功能研发汇总表'!E:S,7,FALSE) -> 运营·深耕/漏洞概念验证/插件执行回收与迭代优化 | L102: ==VLOOKUP(E102,'2025期功能研发汇总表'!E:S,8,FALSE) -> 点击菜单进入显示列表，在目标数据上点击"文件图标"按钮 | M102: ==VLOOKUP(E102,'2025期功能研发汇总表'!E:S,9,FALSE) -> 0
A103: 漏洞概念验证全生命周期管理 | B103: 漏洞概念验证插件分析统计 | C103: 插件效能评估 | D103: 插件效能评估 | E103: 查看检测插件状态 | F103: ==VLOOKUP(E103,'2025期功能研发汇总表'!E:S,12,FALSE) -> V3.8.0-beat.1 | G103: ==VLOOKUP(E103,'2025期功能研发汇总表'!E:S,4,FALSE) -> 合同功能 | H103: ==VLOOKUP(E103,'2025期功能研发汇总表'!E:T,5,FALSE) -> 联调完成 | I103: ==VLOOKUP(E103,'2025期功能研发汇总表'!E:S,3,FALSE) -> 张明峰 | J103: 已发布 | K103: ==VLOOKUP(E103,'2025期功能研发汇总表'!E:S,7,FALSE) -> 运营·深耕/漏洞概念验证/插件效能与统计分析 | L103: ==VLOOKUP(E103,'2025期功能研发汇总表'!E:S,8,FALSE) -> 0 | M103: ==VLOOKUP(E103,'2025期功能研发汇总表'!E:S,9,FALSE) -> 0
A104: 漏洞概念验证全生命周期管理 | B104: 漏洞概念验证插件分析统计 | C104: 插件调用综合展示 | D104: 插件调用综合展示 | E104: 查看POC插件类型视图 | F104: ==VLOOKUP(E104,'2025期功能研发汇总表'!E:S,12,FALSE) -> V3.8.0-beat.1 | G104: ==VLOOKUP(E104,'2025期功能研发汇总表'!E:S,4,FALSE) -> 合同功能 | H104: ==VLOOKUP(E104,'2025期功能研发汇总表'!E:T,5,FALSE) -> 联调完成 | I104: ==VLOOKUP(E104,'2025期功能研发汇总表'!E:S,3,FALSE) -> 张明峰 | J104: 已发布 | K104: ==VLOOKUP(E104,'2025期功能研发汇总表'!E:S,7,FALSE) -> 运营·深耕/漏洞概念验证/插件效能与统计分析 | L104: ==VLOOKUP(E104,'2025期功能研发汇总表'!E:S,8,FALSE) -> 0 | M104: ==VLOOKUP(E104,'2025期功能研发汇总表'!E:S,9,FALSE) -> 0
A105: 漏洞概念验证全生命周期管理 | B105: 漏洞概念验证插件分析统计 | C105: 插件调用综合展示 | D105: 插件调用综合展示 | E105: 查看漏洞类型统计视图 | F105: ==VLOOKUP(E105,'2025期功能研发汇总表'!E:S,12,FALSE) -> V3.8.0-beat.1 | G105: ==VLOOKUP(E105,'2025期功能研发汇总表'!E:S,4,FALSE) -> 合同功能 | H105: ==VLOOKUP(E105,'2025期功能研发汇总表'!E:T,5,FALSE) -> 联调完成 | I105: ==VLOOKUP(E105,'2025期功能研发汇总表'!E:S,3,FALSE) -> 张明峰 | J105: 已发布 | K105: ==VLOOKUP(E105,'2025期功能研发汇总表'!E:S,7,FALSE) -> 运营·深耕/漏洞概念验证/插件效能与统计分析 | L105: ==VLOOKUP(E105,'2025期功能研发汇总表'!E:S,8,FALSE) -> 0 | M105: ==VLOOKUP(E105,'2025期功能研发汇总表'!E:S,9,FALSE) -> 0
A106: 漏洞概念验证全生命周期管理 | B106: 漏洞概念验证插件分析统计 | C106: 插件调用综合展示 | D106: 插件调用综合展示 | E106: 查看插件等级统计视图 | F106: ==VLOOKUP(E106,'2025期功能研发汇总表'!E:S,12,FALSE) -> V3.8.0-beat.1 | G106: ==VLOOKUP(E106,'2025期功能研发汇总表'!E:S,4,FALSE) -> 合同功能 | H106: ==VLOOKUP(E106,'2025期功能研发汇总表'!E:T,5,FALSE) -> 联调完成 | I106: ==VLOOKUP(E106,'2025期功能研发汇总表'!E:S,3,FALSE) -> 张明峰 | J106: 已发布 | K106: ==VLOOKUP(E106,'2025期功能研发汇总表'!E:S,7,FALSE) -> 运营·深耕/漏洞概念验证/插件效能与统计分析 | L106: ==VLOOKUP(E106,'2025期功能研发汇总表'!E:S,8,FALSE) -> 0 | M106: ==VLOOKUP(E106,'2025期功能研发汇总表'!E:S,9,FALSE) -> 0
A107: 漏洞概念验证全生命周期管理 | B107: 漏洞概念验证插件分析统计 | C107: 插件调用综合展示 | D107: 插件调用综合展示 | E107: 查看漏洞时间趋势统计视图 | F107: ==VLOOKUP(E107,'2025期功能研发汇总表'!E:S,12,FALSE) -> V3.8.0-beat.1 | G107: ==VLOOKUP(E107,'2025期功能研发汇总表'!E:S,4,FALSE) -> 合同功能 | H107: ==VLOOKUP(E107,'2025期功能研发汇总表'!E:T,5,FALSE) -> 联调完成 | I107: ==VLOOKUP(E107,'2025期功能研发汇总表'!E:S,3,FALSE) -> 张明峰 | J107: 已发布 | K107: ==VLOOKUP(E107,'2025期功能研发汇总表'!E:S,7,FALSE) -> 运营·深耕/漏洞概念验证/插件效能与统计分析 | L107: ==VLOOKUP(E107,'2025期功能研发汇总表'!E:S,8,FALSE) -> 0 | M107: ==VLOOKUP(E107,'2025期功能研发汇总表'!E:S,9,FALSE) -> 0
A108: 漏洞概念验证全生命周期管理 | B108: 漏洞概念验证插件分析统计 | C108: 漏洞检出率对比分析 | D108: 漏洞检出率对比分析 | E108: 查看POC检测结果IP风险率 | F108: ==VLOOKUP(E108,'2025期功能研发汇总表'!E:S,12,FALSE) -> V3.8.0-beat.1 | G108: ==VLOOKUP(E108,'2025期功能研发汇总表'!E:S,4,FALSE) -> 合同功能 | H108: ==VLOOKUP(E108,'2025期功能研发汇总表'!E:T,5,FALSE) -> 联调完成 | I108: ==VLOOKUP(E108,'2025期功能研发汇总表'!E:S,3,FALSE) -> 张明峰 | J108: 已发布 | K108: ==VLOOKUP(E108,'2025期功能研发汇总表'!E:S,7,FALSE) -> 运营·深耕/漏洞概念验证/插件效能与统计分析 | L108: ==VLOOKUP(E108,'2025期功能研发汇总表'!E:S,8,FALSE) -> 0 | M108: ==VLOOKUP(E108,'2025期功能研发汇总表'!E:S,9,FALSE) -> 0
A109: 漏洞概念验证全生命周期管理 | B109: 漏洞概念验证插件分析统计 | C109: 漏洞检出率对比分析 | D109: 漏洞检出率对比分析 | E109: 查看POC检测结果端口风险率 | F109: ==VLOOKUP(E109,'2025期功能研发汇总表'!E:S,12,FALSE) -> V3.8.0-beat.1 | G109: ==VLOOKUP(E109,'2025期功能研发汇总表'!E:S,4,FALSE) -> 合同功能 | H109: ==VLOOKUP(E109,'2025期功能研发汇总表'!E:T,5,FALSE) -> 联调完成 | I109: ==VLOOKUP(E109,'2025期功能研发汇总表'!E:S,3,FALSE) -> 张明峰 | J109: 已发布 | K109: ==VLOOKUP(E109,'2025期功能研发汇总表'!E:S,7,FALSE) -> 运营·深耕/漏洞概念验证/插件效能与统计分析 | L109: ==VLOOKUP(E109,'2025期功能研发汇总表'!E:S,8,FALSE) -> 0 | M109: ==VLOOKUP(E109,'2025期功能研发汇总表'!E:S,9,FALSE) -> 0
A110: 漏洞概念验证全生命周期管理 | B110: 漏洞概念验证插件分析统计 | C110: 漏洞检出率对比分析 | D110: 漏洞检出率对比分析 | E110: 查看POC检测结果协议风险率 | F110: ==VLOOKUP(E110,'2025期功能研发汇总表'!E:S,12,FALSE) -> V3.8.0-beat.1 | G110: ==VLOOKUP(E110,'2025期功能研发汇总表'!E:S,4,FALSE) -> 合同功能 | H110: ==VLOOKUP(E110,'2025期功能研发汇总表'!E:T,5,FALSE) -> 联调完成 | I110: ==VLOOKUP(E110,'2025期功能研发汇总表'!E:S,3,FALSE) -> 张明峰 | J110: 已发布 | K110: ==VLOOKUP(E110,'2025期功能研发汇总表'!E:S,7,FALSE) -> 运营·深耕/漏洞概念验证/插件效能与统计分析 | L110: ==VLOOKUP(E110,'2025期功能研发汇总表'!E:S,8,FALSE) -> 0 | M110: ==VLOOKUP(E110,'2025期功能研发汇总表'!E:S,9,FALSE) -> 0
A111: 漏洞概念验证全生命周期管理 | B111: 漏洞概念验证插件外部对接 | C111: 部企接口自动化及配置 | D111: 部企接口自动化及配置 | E111: 查看部企接口列表 | F111: ==VLOOKUP(E111,'2025期功能研发汇总表'!E:S,12,FALSE) -> V3.8.0-beat.1 | G111: ==VLOOKUP(E111,'2025期功能研发汇总表'!E:S,4,FALSE) -> 合同功能 | H111: ==VLOOKUP(E111,'2025期功能研发汇总表'!E:T,5,FALSE) -> 联调完成 | I111: ==VLOOKUP(E111,'2025期功能研发汇总表'!E:S,3,FALSE) -> 张明峰 | J111: 已发布 | K111: ==VLOOKUP(E111,'2025期功能研发汇总表'!E:S,7,FALSE) -> 运营·深耕/漏洞概念验证/接口自动化及配置 | L111: ==VLOOKUP(E111,'2025期功能研发汇总表'!E:S,8,FALSE) -> 点击部企接口自动化及配置按钮，弹出页左侧为配置列表 | M111: ==VLOOKUP(E111,'2025期功能研发汇总表'!E:S,9,FALSE) -> 0
A112: 漏洞概念验证全生命周期管理 | B112: 漏洞概念验证插件外部对接 | C112: 部企接口自动化及配置 | D112: 部企接口自动化及配置 | E112: 查看部企接口调用记录 | F112: ==VLOOKUP(E112,'2025期功能研发汇总表'!E:S,12,FALSE) -> V3.8.0-beat.1 | G112: ==VLOOKUP(E112,'2025期功能研发汇总表'!E:S,4,FALSE) -> 合同功能 | H112: ==VLOOKUP(E112,'2025期功能研发汇总表'!E:T,5,FALSE) -> 联调完成 | I112: ==VLOOKUP(E112,'2025期功能研发汇总表'!E:S,3,FALSE) -> 张明峰 | J112: 已发布 | K112: ==VLOOKUP(E112,'2025期功能研发汇总表'!E:S,7,FALSE) -> 运营·深耕/漏洞概念验证/接口自动化及配置 | L112: ==VLOOKUP(E112,'2025期功能研发汇总表'!E:S,8,FALSE) -> 点击菜单默认展示调用记录 | M112: ==VLOOKUP(E112,'2025期功能研发汇总表'!E:S,9,FALSE) -> 0
A113: 漏洞概念验证全生命周期管理 | B113: 漏洞概念验证插件外部对接 | C113: 部企接口自动化及配置 | D113: 部企接口自动化及配置 | E113: 查看部企接口调用内容 | F113: ==VLOOKUP(E113,'2025期功能研发汇总表'!E:S,12,FALSE) -> V3.8.0-beat.1 | G113: ==VLOOKUP(E113,'2025期功能研发汇总表'!E:S,4,FALSE) -> 合同功能 | H113: ==VLOOKUP(E113,'2025期功能研发汇总表'!E:T,5,FALSE) -> 联调完成 | I113: ==VLOOKUP(E113,'2025期功能研发汇总表'!E:S,3,FALSE) -> 张明峰 | J113: 已发布 | K113: ==VLOOKUP(E113,'2025期功能研发汇总表'!E:S,7,FALSE) -> 运营·深耕/漏洞概念验证/接口自动化及配置 | L113: ==VLOOKUP(E113,'2025期功能研发汇总表'!E:S,8,FALSE) -> 点击菜单后，选择列表中的调用记录数据中详情按钮查看调用内容 | M113: ==VLOOKUP(E113,'2025期功能研发汇总表'!E:S,9,FALSE) -> 0
... A145: 生产、靶标及实验资产管理 | B145: 动态更新机制 | C145: 资产变更触发机制 | D145: 资产变更触发机制 | E145: 资产变更监控 | F145: ==VLOOKUP(E145,'2025期功能研发汇总表'!E:S,12,FALSE) -> V3.8.0-beat.1 | G145: ==VLOOKUP(E145,'2025期功能研发汇总表'!E:S,4,FALSE) -> 合同功能 | H145: ==VLOOKUP(E145,'2025期功能研发汇总表'!E:T,5,FALSE) -> 联调完成 | I145: ==VLOOKUP(E145,'2025期功能研发汇总表'!E:S,3,FALSE) -> 窦鹏岐 | J145: 已发布 | K145: ==VLOOKUP(E145,'2025期功能研发汇总表'!E:S,7,FALSE) -> 运营·深耕/资产与知识库/资产列表 | L145: ==VLOOKUP(E145,'2025期功能研发汇总表'!E:S,8,FALSE) -> 关联任务历史按钮 | M145: ==VLOOKUP(E145,'2025期功能研发汇总表'!E:S,9,FALSE) -> 0
A146: 生产、靶标及实验资产管理 | B146: 动态更新机制 | C146: 变更记录管理 | D146: 变更记录管理 | E146: 新增资产变更历史 | F146: ==VLOOKUP(E146,'2025期功能研发汇总表'!E:S,12,FALSE) -> 未发版 | G146: ==VLOOKUP(E146,'2025期功能研发汇总表'!E:S,4,FALSE) -> 合同功能 | H146: ==VLOOKUP(E146,'2025期功能研发汇总表'!E:T,5,FALSE) -> 联调完成 | I146: ==VLOOKUP(E146,'2025期功能研发汇总表'!E:S,3,FALSE) -> 窦鹏岐 | K146: ==VLOOKUP(E146,'2025期功能研发汇总表'!E:S,7,FALSE) -> 信息化资产管理/资产管理/资产变更管理 | L146: ==VLOOKUP(E146,'2025期功能研发汇总表'!E:S,8,FALSE) -> 0 | M146: ==VLOOKUP(E146,'2025期功能研发汇总表'!E:S,9,FALSE) -> 0
A147: 生产、靶标及实验资产管理 | B147: 动态更新机制 | C147: 变更记录管理 | D147: 变更记录管理 | E147: 新增资产变更日志 | F147: ==VLOOKUP(E147,'2025期功能研发汇总表'!E:S,12,FALSE) -> 未发版 | G147: ==VLOOKUP(E147,'2025期功能研发汇总表'!E:S,4,FALSE) -> 合同功能 | H147: ==VLOOKUP(E147,'2025期功能研发汇总表'!E:T,5,FALSE) -> 联调完成 | I147: ==VLOOKUP(E147,'2025期功能研发汇总表'!E:S,3,FALSE) -> 窦鹏岐 | K147: ==VLOOKUP(E147,'2025期功能研发汇总表'!E:S,7,FALSE) -> 信息化资产管理/资产管理/资产变更管理 | L147: ==VLOOKUP(E147,'2025期功能研发汇总表'!E:S,8,FALSE) -> 0 | M147: ==VLOOKUP(E147,'2025期功能研发汇总表'!E:S,9,FALSE) -> 0
A148: 生产、靶标及实验资产管理 | B148: 动态更新机制 | C148: 变更记录管理 | D148: 变更记录管理 | E148: 查看资产变更历史 | F148: ==VLOOKUP(E148,'2025期功能研发汇总表'!E:S,12,FALSE) -> 未发版 | G148: ==VLOOKUP(E148,'2025期功能研发汇总表'!E:S,4,FALSE) -> 合同功能 | H148: ==VLOOKUP(E148,'2025期功能研发汇总表'!E:T,5,FALSE) -> 联调完成 | I148: ==VLOOKUP(E148,'2025期功能研发汇总表'!E:S,3,FALSE) -> 窦鹏岐 | K148: ==VLOOKUP(E148,'2025期功能研发汇总表'!E:S,7,FALSE) -> 信息化资产管理/资产管理/资产变更管理 | L148: ==VLOOKUP(E148,'2025期功能研发汇总表'!E:S,8,FALSE) -> 0 | M148: ==VLOOKUP(E148,'2025期功能研发汇总表'!E:S,9,FALSE) -> 0
A149: 生产、靶标及实验资产管理 | B149: 动态更新机制 | C149: 变更记录管理 | D149: 变更记录管理 | E149: 查看历史日志 | F149: ==VLOOKUP(E149,'2025期功能研发汇总表'!E:S,12,FALSE) -> 未发版 | G149: ==VLOOKUP(E149,'2025期功能研发汇总表'!E:S,4,FALSE) -> 合同功能 | H149: ==VLOOKUP(E149,'2025期功能研发汇总表'!E:T,5,FALSE) -> 联调完成 | I149: ==VLOOKUP(E149,'2025期功能研发汇总表'!E:S,3,FALSE) -> 窦鹏岐 | K149: ==VLOOKUP(E149,'2025期功能研发汇总表'!E:S,7,FALSE) -> 信息化资产管理/资产管理/资产变更管理 | L149: ==VLOOKUP(E149,'2025期功能研发汇总表'!E:S,8,FALSE) -> 点击变更次数数字，可以看每次变更的内容 | M149: ==VLOOKUP(E149,'2025期功能研发汇总表'!E:S,9,FALSE) -> 0
A150: 生产、靶标及实验资产管理 | B150: 资产建模 | C150: 自动同步与手动补录 | D150: 自动同步与手动补录 | E150: 手动补录数据 | F150: ==VLOOKUP(E150,'2025期功能研发汇总表'!E:S,12,FALSE) -> 未发版 | G150: ==VLOOKUP(E150,'2025期功能研发汇总表'!E:S,4,FALSE) -> 合同功能 | H150: ==VLOOKUP(E150,'2025期功能研发汇总表'!E:T,5,FALSE) -> 联调完成 | I150: ==VLOOKUP(E150,'2025期功能研发汇总表'!E:S,3,FALSE) -> 窦鹏岐 | K150: ==VLOOKUP(E150,'2025期功能研发汇总表'!E:S,7,FALSE) -> 运营·深耕/资产与知识库/资产列表 | L150: ==VLOOKUP(E150,'2025期功能研发汇总表'!E:S,8,FALSE) -> 0 | M150: ==VLOOKUP(E150,'2025期功能研发汇总表'!E:S,9,FALSE) -> 0
A151: 生产、靶标及实验资产管理 | B151: 资产建模 | C151: 自动同步与手动补录 | D151: 自动同步与手动补录 | E151: 数据校验反馈 | F151: ==VLOOKUP(E151,'2025期功能研发汇总表'!E:S,12,FALSE) -> 未发版 | G151: ==VLOOKUP(E151,'2025期功能研发汇总表'!E:S,4,FALSE) -> 合同功能 | H151: ==VLOOKUP(E151,'2025期功能研发汇总表'!E:T,5,FALSE) -> 联调完成 | I151: ==VLOOKUP(E151,'2025期功能研发汇总表'!E:S,3,FALSE) -> 窦鹏岐 | K151: ==VLOOKUP(E151,'2025期功能研发汇总表'!E:S,7,FALSE) -> 运营·深耕/资产与知识库/资产列表 | L151: ==VLOOKUP(E151,'2025期功能研发汇总表'!E:S,8,FALSE) -> 0 | M151: ==VLOOKUP(E151,'2025期功能研发汇总表'!E:S,9,FALSE) -> 0
A152: 生产、靶标及实验资产管理 | B152: 资产建模 | C152: 自动同步与手动补录 | D152: 自动同步与手动补录 | E152: 自动同步数据 | F152: ==VLOOKUP(E152,'2025期功能研发汇总表'!E:S,12,FALSE) -> 未发版 | G152: ==VLOOKUP(E152,'2025期功能研发汇总表'!E:S,4,FALSE) -> 合同功能 | H152: ==VLOOKUP(E152,'2025期功能研发汇总表'!E:T,5,FALSE) -> 联调完成 | I152: ==VLOOKUP(E152,'2025期功能研发汇总表'!E:S,3,FALSE) -> 窦鹏岐 | K152: ==VLOOKUP(E152,'2025期功能研发汇总表'!E:S,7,FALSE) -> 运营·深耕/资产与知识库/资产列表 | L152: ==VLOOKUP(E152,'2025期功能研发汇总表'!E:S,8,FALSE) -> 0 | M152: ==VLOOKUP(E152,'2025期功能研发汇总表'!E:S,9,FALSE) -> 0
A153: 生产、靶标及实验资产管理 | B153: 资产建模 | C153: 自动同步与手动补录 | D153: 自动同步与手动补录 | E153: 资产建模构建 | F153: ==VLOOKUP(E153,'2025期功能研发汇总表'!E:S,12,FALSE) -> 未发版 | G153: ==VLOOKUP(E153,'2025期功能研发汇总表'!E:S,4,FALSE) -> 合同功能 | H153: ==VLOOKUP(E153,'2025期功能研发汇总表'!E:T,5,FALSE) -> 未开始 | I153: ==VLOOKUP(E153,'2025期功能研发汇总表'!E:S,3,FALSE) -> 窦鹏岐 | K153: ==VLOOKUP(E153,'2025期功能研发汇总表'!E:S,7,FALSE) -> 0 | L153: ==VLOOKUP(E153,'2025期功能研发汇总表'!E:S,8,FALSE) -> 0 | M153: ==VLOOKUP(E153,'2025期功能研发汇总表'!E:S,9,FALSE) -> 0
A154: 生产、靶标及实验资产管理 | B154: 资产建模 | C154: 知识库构建 | D154: 知识库构建 | E154: 用户查看资产总数 | F154: ==VLOOKUP(E154,'2025期功能研发汇总表'!E:S,12,FALSE) -> 未发版 | G154: ==VLOOKUP(E154,'2025期功能研发汇总表'!E:S,4,FALSE) -> 合同功能 | H154: ==VLOOKUP(E154,'2025期功能研发汇总表'!E:T,5,FALSE) -> 已废弃 | I154: ==VLOOKUP(E154,'2025期功能研发汇总表'!E:S,3,FALSE) -> 窦鹏岐 | K154: ==VLOOKUP(E154,'2025期功能研发汇总表'!E:S,7,FALSE) -> 0 | L154: ==VLOOKUP(E154,'2025期功能研发汇总表'!E:S,8,FALSE) -> 0 | M154: ==VLOOKUP(E154,'2025期功能研发汇总表'!E:S,9,FALSE) -> 0
A155: 生产、靶标及实验资产管理 | B155: 资产建模 | C155: 知识库构建 | D155: 知识库构建 | E155: 用户查看IP资产总数 | F155: ==VLOOKUP(E155,'2025期功能研发汇总表'!E:S,12,FALSE) -> 未发版 | G155: ==VLOOKUP(E155,'2025期功能研发汇总表'!E:S,4,FALSE) -> 合同功能 | H155: ==VLOOKUP(E155,'2025期功能研发汇总表'!E:T,5,FALSE) -> 已废弃 | I155: ==VLOOKUP(E155,'2025期功能研发汇总表'!E:S,3,FALSE) -> 窦鹏岐 | K155: ==VLOOKUP(E155,'2025期功能研发汇总表'!E:S,7,FALSE) -> 0 | L155: ==VLOOKUP(E155,'2025期功能研发汇总表'!E:S,8,FALSE) -> 0 | M155: ==VLOOKUP(E155,'2025期功能研发汇总表'!E:S,9,FALSE) -> 0
A156: 生产、靶标及实验资产管理 | B156: 资产建模 | C156: 知识库构建 | D156: 知识库构建 | E156: 用户查看网站资产总数 | F156: ==VLOOKUP(E156,'2025期功能研发汇总表'!E:S,12,FALSE) -> 未发版 | G156: ==VLOOKUP(E156,'2025期功能研发汇总表'!E:S,4,FALSE) -> 合同功能 | H156: ==VLOOKUP(E156,'2025期功能研发汇总表'!E:T,5,FALSE) -> 已废弃 | I156: ==VLOOKUP(E156,'2025期功能研发汇总表'!E:S,3,FALSE) -> 窦鹏岐 | K156: ==VLOOKUP(E156,'2025期功能研发汇总表'!E:S,7,FALSE) -> 0 | L156: ==VLOOKUP(E156,'2025期功能研发汇总表'!E:S,8,FALSE) -> 0 | M156: ==VLOOKUP(E156,'2025期功能研发汇总表'!E:S,9,FALSE) -> 0
A157: 生产、靶标及实验资产管理 | B157: 资产建模 | C157: 知识库构建 | D157: 知识库构建 | E157: 用户查看新增IP资产总数 | F157: ==VLOOKUP(E157,'2025期功能研发汇总表'!E:S,12,FALSE) -> 未发版 | G157: ==VLOOKUP(E157,'2025期功能研发汇总表'!E:S,4,FALSE) -> 合同功能 | H157: ==VLOOKUP(E157,'2025期功能研发汇总表'!E:T,5,FALSE) -> 已废弃 | I157: ==VLOOKUP(E157,'2025期功能研发汇总表'!E:S,3,FALSE) -> 窦鹏岐 | K157: ==VLOOKUP(E157,'2025期功能研发汇总表'!E:S,7,FALSE) -> 0 | L157: ==VLOOKUP(E157,'2025期功能研发汇总表'!E:S,8,FALSE) -> 0 | M157: ==VLOOKUP(E157,'2025期功能研发汇总表'!E:S,9,FALSE) -> 0
... A197: 生产、靶标及实验资产管理 | B197: 资产建模 | C197: 知识库构建 | D197: 知识库构建 | E197: 用户查看节点下低风险脆弱账号分布 | F197: ==VLOOKUP(E197,'2025期功能研发汇总表'!E:S,12,FALSE) -> 未发版 | G197: ==VLOOKUP(E197,'2025期功能研发汇总表'!E:S,4,FALSE) -> 合同功能 | H197: ==VLOOKUP(E197,'2025期功能研发汇总表'!E:T,5,FALSE) -> 已废弃 | I197: ==VLOOKUP(E197,'2025期功能研发汇总表'!E:S,3,FALSE) -> 窦鹏岐 | K197: ==VLOOKUP(E197,'2025期功能研发汇总表'!E:S,7,FALSE) -> 0 | L197: ==VLOOKUP(E197,'2025期功能研发汇总表'!E:S,8,FALSE) -> 0 | M197: ==VLOOKUP(E197,'2025期功能研发汇总表'!E:S,9,FALSE) -> 0
A198: 生产、靶标及实验资产管理 | B198: 资产建模 | C198: 知识库构建 | D198: 知识库构建 | E198: 用户查看节点属性 | F198: ==VLOOKUP(E198,'2025期功能研发汇总表'!E:S,12,FALSE) -> V3.8.0-beat.1 | G198: ==VLOOKUP(E198,'2025期功能研发汇总表'!E:S,4,FALSE) -> 合同功能 | H198: ==VLOOKUP(E198,'2025期功能研发汇总表'!E:T,5,FALSE) -> 联调完成 | I198: ==VLOOKUP(E198,'2025期功能研发汇总表'!E:S,3,FALSE) -> 窦鹏岐 | J198: 已发布 | K198: ==VLOOKUP(E198,'2025期功能研发汇总表'!E:S,7,FALSE) -> 运营·深耕/资产与知识库/资产列表 | L198: ==VLOOKUP(E198,'2025期功能研发汇总表'!E:S,8,FALSE) -> 0 | M198: ==VLOOKUP(E198,'2025期功能研发汇总表'!E:S,9,FALSE) -> 0
A199: 生产、靶标及实验资产管理 | B199: 资产建模 | C199: 知识库构建 | D199: 知识库构建 | E199: 用户查看主机资产设备类型视图 | F199: ==VLOOKUP(E199,'2025期功能研发汇总表'!E:S,12,FALSE) -> 未发版 | G199: ==VLOOKUP(E199,'2025期功能研发汇总表'!E:S,4,FALSE) -> 合同功能 | H199: ==VLOOKUP(E199,'2025期功能研发汇总表'!E:T,5,FALSE) -> 已废弃 | I199: ==VLOOKUP(E199,'2025期功能研发汇总表'!E:S,3,FALSE) -> 窦鹏岐 | K199: ==VLOOKUP(E199,'2025期功能研发汇总表'!E:S,7,FALSE) -> 0 | L199: ==VLOOKUP(E199,'2025期功能研发汇总表'!E:S,8,FALSE) -> 0 | M199: ==VLOOKUP(E199,'2025期功能研发汇总表'!E:S,9,FALSE) -> 0
A200: 生产、靶标及实验资产管理 | B200: 资产建模 | C200: 知识库构建 | D200: 知识库构建 | E200: 用户查看节点非常危险主机数量 | F200: ==VLOOKUP(E200,'2025期功能研发汇总表'!E:S,12,FALSE) -> 未发版 | G200: ==VLOOKUP(E200,'2025期功能研发汇总表'!E:S,4,FALSE) -> 合同功能 | H200: ==VLOOKUP(E200,'2025期功能研发汇总表'!E:T,5,FALSE) -> 已废弃 | I200: ==VLOOKUP(E200,'2025期功能研发汇总表'!E:S,3,FALSE) -> 窦鹏岐 | K200: ==VLOOKUP(E200,'2025期功能研发汇总表'!E:S,7,FALSE) -> 0 | L200: ==VLOOKUP(E200,'2025期功能研发汇总表'!E:S,8,FALSE) -> 0 | M200: ==VLOOKUP(E200,'2025期功能研发汇总表'!E:S,9,FALSE) -> 0
A201: 生产、靶标及实验资产管理 | B201: 资产建模 | C201: 知识库构建 | D201: 知识库构建 | E201: 用户查看节点比较危险主机数量 | F201: ==VLOOKUP(E201,'2025期功能研发汇总表'!E:S,12,FALSE) -> 未发版 | G201: ==VLOOKUP(E201,'2025期功能研发汇总表'!E:S,4,FALSE) -> 合同功能 | H201: ==VLOOKUP(E201,'2025期功能研发汇总表'!E:T,5,FALSE) -> 已废弃 | I201: ==VLOOKUP(E201,'2025期功能研发汇总表'!E:S,3,FALSE) -> 窦鹏岐 | K201: ==VLOOKUP(E201,'2025期功能研发汇总表'!E:S,7,FALSE) -> 0 | L201: ==VLOOKUP(E201,'2025期功能研发汇总表'!E:S,8,FALSE) -> 0 | M201: ==VLOOKUP(E201,'2025期功能研发汇总表'!E:S,9,FALSE) -> 0
A202: 生产、靶标及实验资产管理 | B202: 资产建模 | C202: 知识库构建 | D202: 知识库构建 | E202: 用户查看节点比较安全主机数量 | F202: ==VLOOKUP(E202,'2025期功能研发汇总表'!E:S,12,FALSE) -> 未发版 | G202: ==VLOOKUP(E202,'2025期功能研发汇总表'!E:S,4,FALSE) -> 合同功能 | H202: ==VLOOKUP(E202,'2025期功能研发汇总表'!E:T,5,FALSE) -> 已废弃 | I202: ==VLOOKUP(E202,'2025期功能研发汇总表'!E:S,3,FALSE) -> 窦鹏岐 | K202: ==VLOOKUP(E202,'2025期功能研发汇总表'!E:S,7,FALSE) -> 0 | L202: ==VLOOKUP(E202,'2025期功能研发汇总表'!E:S,8,FALSE) -> 0 | M202: ==VLOOKUP(E202,'2025期功能研发汇总表'!E:S,9,FALSE) -> 0
A203: 生产、靶标及实验资产管理 | B203: 资产建模 | C203: 知识库构建 | D203: 知识库构建 | E203: 用户查看节点非常安全主机数量 | F203: ==VLOOKUP(E203,'2025期功能研发汇总表'!E:S,12,FALSE) -> 未发版 | G203: ==VLOOKUP(E203,'2025期功能研发汇总表'!E:S,4,FALSE) -> 合同功能 | H203: ==VLOOKUP(E203,'2025期功能研发汇总表'!E:T,5,FALSE) -> 已废弃 | I203: ==VLOOKUP(E203,'2025期功能研发汇总表'!E:S,3,FALSE) -> 窦鹏岐 | K203: ==VLOOKUP(E203,'2025期功能研发汇总表'!E:S,7,FALSE) -> 0 | L203: ==VLOOKUP(E203,'2025期功能研发汇总表'!E:S,8,FALSE) -> 0 | M203: ==VLOOKUP(E203,'2025期功能研发汇总表'!E:S,9,FALSE) -> 0
A204: 生产、靶标及实验资产管理 | B204: 资产建模 | C204: 知识库构建 | D204: 知识库构建 | E204: 用户查看节点未知风险主机数量 | F204: ==VLOOKUP(E204,'2025期功能研发汇总表'!E:S,12,FALSE) -> 未发版 | G204: ==VLOOKUP(E204,'2025期功能研发汇总表'!E:S,4,FALSE) -> 合同功能 | H204: ==VLOOKUP(E204,'2025期功能研发汇总表'!E:T,5,FALSE) -> 已废弃 | I204: ==VLOOKUP(E204,'2025期功能研发汇总表'!E:S,3,FALSE) -> 窦鹏岐 | K204: ==VLOOKUP(E204,'2025期功能研发汇总表'!E:S,7,FALSE) -> 0 | L204: ==VLOOKUP(E204,'2025期功能研发汇总表'!E:S,8,FALSE) -> 0 | M204: ==VLOOKUP(E204,'2025期功能研发汇总表'!E:S,9,FALSE) -> 0
A205: 生产、靶标及实验资产管理 | B205: 资产建模 | C205: 知识库构建 | D205: 知识库构建 | E205: 用户查看节点主机漏洞风险等级分布 | F205: ==VLOOKUP(E205,'2025期功能研发汇总表'!E:S,12,FALSE) -> V3.8.0-beat.2 | G205: ==VLOOKUP(E205,'2025期功能研发汇总表'!E:S,4,FALSE) -> 合同功能 | H205: ==VLOOKUP(E205,'2025期功能研发汇总表'!E:T,5,FALSE) -> 联调完成 | I205: ==VLOOKUP(E205,'2025期功能研发汇总表'!E:S,3,FALSE) -> 窦鹏岐 | K205: ==VLOOKUP(E205,'2025期功能研发汇总表'!E:S,7,FALSE) -> 运营·深耕/资产与知识库/资产列表 | L205: ==VLOOKUP(E205,'2025期功能研发汇总表'!E:S,8,FALSE) -> 知识库统计概览、风险概览、主机风险分布 | M205: ==VLOOKUP(E205,'2025期功能研发汇总表'!E:S,9,FALSE) -> 0
A206: 生产、靶标及实验资产管理 | B206: 资产建模 | C206: 知识库构建 | D206: 知识库构建 | E206: 用户查看下级节点信息 | F206: ==VLOOKUP(E206,'2025期功能研发汇总表'!E:S,12,FALSE) -> 未发版 | G206: ==VLOOKUP(E206,'2025期功能研发汇总表'!E:S,4,FALSE) -> 合同功能 | H206: ==VLOOKUP(E206,'2025期功能研发汇总表'!E:T,5,FALSE) -> 未开始 | I206: ==VLOOKUP(E206,'2025期功能研发汇总表'!E:S,3,FALSE) -> 窦鹏岐 | K206: ==VLOOKUP(E206,'2025期功能研发汇总表'!E:S,7,FALSE) -> 0 | L206: ==VLOOKUP(E206,'2025期功能研发汇总表'!E:S,8,FALSE) -> 0 | M206: ==VLOOKUP(E206,'2025期功能研发汇总表'!E:S,9,FALSE) -> 0
A207: 生产、靶标及实验资产管理 | B207: 资产建模 | C207: 知识库构建 | D207: 知识库构建 | E207: 用户查看主机风险等级列表 | F207: ==VLOOKUP(E207,'2025期功能研发汇总表'!E:S,12,FALSE) -> 未发版 | G207: ==VLOOKUP(E207,'2025期功能研发汇总表'!E:S,4,FALSE) -> 合同功能 | H207: ==VLOOKUP(E207,'2025期功能研发汇总表'!E:T,5,FALSE) -> 未开始 | I207: ==VLOOKUP(E207,'2025期功能研发汇总表'!E:S,3,FALSE) -> 窦鹏岐 | K207: ==VLOOKUP(E207,'2025期功能研发汇总表'!E:S,7,FALSE) -> 0 | L207: ==VLOOKUP(E207,'2025期功能研发汇总表'!E:S,8,FALSE) -> 0 | M207: ==VLOOKUP(E207,'2025期功能研发汇总表'!E:S,9,FALSE) -> 0
A208: 生产、靶标及实验资产管理 | B208: 资产建模 | C208: 知识库构建 | D208: 知识库构建 | E208: 用户查看节点下非常危险主机信息 | F208: ==VLOOKUP(E208,'2025期功能研发汇总表'!E:S,12,FALSE) -> 未发版 | G208: ==VLOOKUP(E208,'2025期功能研发汇总表'!E:S,4,FALSE) -> 合同功能 | H208: ==VLOOKUP(E208,'2025期功能研发汇总表'!E:T,5,FALSE) -> 已废弃 | I208: ==VLOOKUP(E208,'2025期功能研发汇总表'!E:S,3,FALSE) -> 窦鹏岐 | K208: ==VLOOKUP(E208,'2025期功能研发汇总表'!E:S,7,FALSE) -> 0 | L208: ==VLOOKUP(E208,'2025期功能研发汇总表'!E:S,8,FALSE) -> 0 | M208: ==VLOOKUP(E208,'2025期功能研发汇总表'!E:S,9,FALSE) -> 0
A209: 生产、靶标及实验资产管理 | B209: 资产建模 | C209: 知识库构建 | D209: 知识库构建 | E209: 用户查看节点下比较危险主机信息 | F209: ==VLOOKUP(E209,'2025期功能研发汇总表'!E:S,12,FALSE) -> 未发版 | G209: ==VLOOKUP(E209,'2025期功能研发汇总表'!E:S,4,FALSE) -> 合同功能 | H209: ==VLOOKUP(E209,'2025期功能研发汇总表'!E:T,5,FALSE) -> 已废弃 | I209: ==VLOOKUP(E209,'2025期功能研发汇总表'!E:S,3,FALSE) -> 窦鹏岐 | K209: ==VLOOKUP(E209,'2025期功能研发汇总表'!E:S,7,FALSE) -> 0 | L209: ==VLOOKUP(E209,'2025期功能研发汇总表'!E:S,8,FALSE) -> 0 | M209: ==VLOOKUP(E209,'2025期功能研发汇总表'!E:S,9,FALSE) -> 0
A210: 生产、靶标及实验资产管理 | B210: 资产建模 | C210: 知识库构建 | D210: 知识库构建 | E210: 用户查看节点下非常安全主机信息 | F210: ==VLOOKUP(E210,'2025期功能研发汇总表'!E:S,12,FALSE) -> 未发版 | G210: ==VLOOKUP(E210,'2025期功能研发汇总表'!E:S,4,FALSE) -> 合同功能 | H210: ==VLOOKUP(E210,'2025期功能研发汇总表'!E:T,5,FALSE) -> 已废弃 | I210: ==VLOOKUP(E210,'2025期功能研发汇总表'!E:S,3,FALSE) -> 窦鹏岐 | K210: ==VLOOKUP(E210,'2025期功能研发汇总表'!E:S,7,FALSE) -> 0 | L210: ==VLOOKUP(E210,'2025期功能研发汇总表'!E:S,8,FALSE) -> 0 | M210: ==VLOOKUP(E210,'2025期功能研发汇总表'!E:S,9,FALSE) -> 0
... A216: 生产、靶标及实验资产管理 | B216: 资产建模 | C216: 知识库构建 | D216: 知识库构建 | E216: 用户查看节点下低风险漏洞分布 | F216: ==VLOOKUP(E216,'2025期功能研发汇总表'!E:S,12,FALSE) -> 未发版 | G216: ==VLOOKUP(E216,'2025期功能研发汇总表'!E:S,4,FALSE) -> 合同功能 | H216: ==VLOOKUP(E216,'2025期功能研发汇总表'!E:T,5,FALSE) -> 已废弃 | I216: ==VLOOKUP(E216,'2025期功能研发汇总表'!E:S,3,FALSE) -> 窦鹏岐 | K216: ==VLOOKUP(E216,'2025期功能研发汇总表'!E:S,7,FALSE) -> 0 | L216: ==VLOOKUP(E216,'2025期功能研发汇总表'!E:S,8,FALSE) -> 0 | M216: ==VLOOKUP(E216,'2025期功能研发汇总表'!E:S,9,FALSE) -> 0
A217: 生产、靶标及实验资产管理 | B217: 资产建模 | C217: 知识库构建 | D217: 知识库构建 | E217: 用户查看主机风险等级信息 | F217: ==VLOOKUP(E217,'2025期功能研发汇总表'!E:S,12,FALSE) -> 未发版 | G217: ==VLOOKUP(E217,'2025期功能研发汇总表'!E:S,4,FALSE) -> 合同功能 | H217: ==VLOOKUP(E217,'2025期功能研发汇总表'!E:T,5,FALSE) -> 未开始 | I217: ==VLOOKUP(E217,'2025期功能研发汇总表'!E:S,3,FALSE) -> 窦鹏岐 | J217: 已部署 | K217: ==VLOOKUP(E217,'2025期功能研发汇总表'!E:S,7,FALSE) -> 0 | L217: ==VLOOKUP(E217,'2025期功能研发汇总表'!E:S,8,FALSE) -> 0 | M217: ==VLOOKUP(E217,'2025期功能研发汇总表'!E:S,9,FALSE) -> 0
A218: 生产、靶标及实验资产管理 | B218: 资产建模 | C218: 知识库构建 | D218: 知识库构建 | E218: 用户查看主机概况信息 | F218: ==VLOOKUP(E218,'2025期功能研发汇总表'!E:S,12,FALSE) -> V3.8.0-beat.1 | G218: ==VLOOKUP(E218,'2025期功能研发汇总表'!E:S,4,FALSE) -> 合同功能 | H218: ==VLOOKUP(E218,'2025期功能研发汇总表'!E:T,5,FALSE) -> 联调完成 | I218: ==VLOOKUP(E218,'2025期功能研发汇总表'!E:S,3,FALSE) -> 窦鹏岐 | J218: 已发布 | K218: ==VLOOKUP(E218,'2025期功能研发汇总表'!E:S,7,FALSE) -> 运营·深耕/资产与知识库/资产列表 | L218: ==VLOOKUP(E218,'2025期功能研发汇总表'!E:S,8,FALSE) -> 0 | M218: ==VLOOKUP(E218,'2025期功能研发汇总表'!E:S,9,FALSE) -> 0
A219: 生产、靶标及实验资产管理 | B219: 资产建模 | C219: 知识库构建 | D219: 知识库构建 | E219: 用户查看主机漏洞概况信息 | F219: ==VLOOKUP(E219,'2025期功能研发汇总表'!E:S,12,FALSE) -> V3.8.0-beat.2 | G219: ==VLOOKUP(E219,'2025期功能研发汇总表'!E:S,4,FALSE) -> 合同功能 | H219: ==VLOOKUP(E219,'2025期功能研发汇总表'!E:T,5,FALSE) -> 联调完成 | I219: ==VLOOKUP(E219,'2025期功能研发汇总表'!E:S,3,FALSE) -> 窦鹏岐 | J219: 已部署 | K219: ==VLOOKUP(E219,'2025期功能研发汇总表'!E:S,7,FALSE) -> 运营·深耕/资产与知识库/资产列表 | L219: ==VLOOKUP(E219,'2025期功能研发汇总表'!E:S,8,FALSE) -> 漏洞信息按钮 | M219: ==VLOOKUP(E219,'2025期功能研发汇总表'!E:S,9,FALSE) -> 0
A220: 生产、靶标及实验资产管理 | B220: 资产建模 | C220: 知识库构建 | D220: 知识库构建 | E220: 用户查看主机高风险漏洞概况信息 | F220: ==VLOOKUP(E220,'2025期功能研发汇总表'!E:S,12,FALSE) -> 未发版 | G220: ==VLOOKUP(E220,'2025期功能研发汇总表'!E:S,4,FALSE) -> 合同功能 | H220: ==VLOOKUP(E220,'2025期功能研发汇总表'!E:T,5,FALSE) -> 已废弃 | I220: ==VLOOKUP(E220,'2025期功能研发汇总表'!E:S,3,FALSE) -> 窦鹏岐 | J220: 已部署 | K220: ==VLOOKUP(E220,'2025期功能研发汇总表'!E:S,7,FALSE) -> 0 | L220: ==VLOOKUP(E220,'2025期功能研发汇总表'!E:S,8,FALSE) -> 0 | M220: ==VLOOKUP(E220,'2025期功能研发汇总表'!E:S,9,FALSE) -> 0
A221: 生产、靶标及实验资产管理 | B221: 资产建模 | C221: 知识库构建 | D221: 知识库构建 | E221: 用户查看主机中风险漏洞概况信息 | F221: ==VLOOKUP(E221,'2025期功能研发汇总表'!E:S,12,FALSE) -> 未发版 | G221: ==VLOOKUP(E221,'2025期功能研发汇总表'!E:S,4,FALSE) -> 合同功能 | H221: ==VLOOKUP(E221,'2025期功能研发汇总表'!E:T,5,FALSE) -> 已废弃 | I221: ==VLOOKUP(E221,'2025期功能研发汇总表'!E:S,3,FALSE) -> 窦鹏岐 | J221: 已部署 | K221: ==VLOOKUP(E221,'2025期功能研发汇总表'!E:S,7,FALSE) -> 0 | L221: ==VLOOKUP(E221,'2025期功能研发汇总表'!E:S,8,FALSE) -> 0 | M221: ==VLOOKUP(E221,'2025期功能研发汇总表'!E:S,9,FALSE) -> 0
A222: 生产、靶标及实验资产管理 | B222: 资产建模 | C222: 知识库构建 | D222: 知识库构建 | E222: 用户查看主机低风险漏洞概况信息 | F222: ==VLOOKUP(E222,'2025期功能研发汇总表'!E:S,12,FALSE) -> 未发版 | G222: ==VLOOKUP(E222,'2025期功能研发汇总表'!E:S,4,FALSE) -> 合同功能 | H222: ==VLOOKUP(E222,'2025期功能研发汇总表'!E:T,5,FALSE) -> 已废弃 | I222: ==VLOOKUP(E222,'2025期功能研发汇总表'!E:S,3,FALSE) -> 窦鹏岐 | J222: 已部署 | K222: ==VLOOKUP(E222,'2025期功能研发汇总表'!E:S,7,FALSE) -> 0 | L222: ==VLOOKUP(E222,'2025期功能研发汇总表'!E:S,8,FALSE) -> 0 | M222: ==VLOOKUP(E222,'2025期功能研发汇总表'!E:S,9,FALSE) -> 0
A223: 生产、靶标及实验资产管理 | B223: 资产建模 | C223: 知识库构建 | D223: 知识库构建 | E223: 用户查看主机漏洞详情 | F223: ==VLOOKUP(E223,'2025期功能研发汇总表'!E:S,12,FALSE) -> V3.8.0-beat.2 | G223: ==VLOOKUP(E223,'2025期功能研发汇总表'!E:S,4,FALSE) -> 合同功能 | H223: ==VLOOKUP(E223,'2025期功能研发汇总表'!E:T,5,FALSE) -> 联调完成 | I223: ==VLOOKUP(E223,'2025期功能研发汇总表'!E:S,3,FALSE) -> 窦鹏岐 | J223: 已部署 | K223: ==VLOOKUP(E223,'2025期功能研发汇总表'!E:S,7,FALSE) -> 运营·深耕/资产与知识库/资产列表 | L223: ==VLOOKUP(E223,'2025期功能研发汇总表'!E:S,8,FALSE) -> 漏洞信息按钮 | M223: ==VLOOKUP(E223,'2025期功能研发汇总表'!E:S,9,FALSE) -> 0
A224: 生产、靶标及实验资产管理 | B224: 资产建模 | C224: 知识库构建 | D224: 知识库构建 | E224: 用户查看资产属性 | F224: ==VLOOKUP(E224,'2025期功能研发汇总表'!E:S,12,FALSE) -> V3.8.0-beat.1 | G224: ==VLOOKUP(E224,'2025期功能研发汇总表'!E:S,4,FALSE) -> 合同功能 | H224: ==VLOOKUP(E224,'2025期功能研发汇总表'!E:T,5,FALSE) -> 联调完成 | I224: ==VLOOKUP(E224,'2025期功能研发汇总表'!E:S,3,FALSE) -> 窦鹏岐 | J224: 已发布 | K224: ==VLOOKUP(E224,'2025期功能研发汇总表'!E:S,7,FALSE) -> 运营·深耕/资产与知识库/资产列表 | L224: ==VLOOKUP(E224,'2025期功能研发汇总表'!E:S,8,FALSE) -> 资产属性 | M224: ==VLOOKUP(E224,'2025期功能研发汇总表'!E:S,9,FALSE) -> 0
A225: 生产、靶标及实验资产管理 | B225: 靶标资产管理 | C225: 靶标资产同步与接口管理 | D225: 靶标资产同步与接口管理 | E225: 上报靶标资产 | F225: ==VLOOKUP(E225,'2025期功能研发汇总表'!E:S,12,FALSE) -> V3.8.0-beat.1 | G225: ==VLOOKUP(E225,'2025期功能研发汇总表'!E:S,4,FALSE) -> 合同功能 | H225: ==VLOOKUP(E225,'2025期功能研发汇总表'!E:T,5,FALSE) -> 联调完成 | I225: ==VLOOKUP(E225,'2025期功能研发汇总表'!E:S,3,FALSE) -> 窦鹏岐 | J225: 已发布 | K225: ==VLOOKUP(E225,'2025期功能研发汇总表'!E:S,7,FALSE) -> 运营·深耕/产品漏洞与风险识别/靶标资产信息管理 | L225: ==VLOOKUP(E225,'2025期功能研发汇总表'!E:S,8,FALSE) -> 0 | M225: ==VLOOKUP(E225,'2025期功能研发汇总表'!E:S,9,FALSE) -> 0
A226: 生产、靶标及实验资产管理 | B226: 靶标资产管理 | C226: 靶标资产同步与接口管理 | D226: 靶标资产同步与接口管理 | E226: 接收部侧靶标数据 | F226: ==VLOOKUP(E226,'2025期功能研发汇总表'!E:S,12,FALSE) -> V3.8.0-beat.1 | G226: ==VLOOKUP(E226,'2025期功能研发汇总表'!E:S,4,FALSE) -> 合同功能 | H226: ==VLOOKUP(E226,'2025期功能研发汇总表'!E:T,5,FALSE) -> 联调完成 | I226: ==VLOOKUP(E226,'2025期功能研发汇总表'!E:S,3,FALSE) -> 窦鹏岐 | J226: 已发布 | K226: ==VLOOKUP(E226,'2025期功能研发汇总表'!E:S,7,FALSE) -> 运营·深耕/产品漏洞与风险识别/靶标资产信息管理 | L226: ==VLOOKUP(E226,'2025期功能研发汇总表'!E:S,8,FALSE) -> 0 | M226: ==VLOOKUP(E226,'2025期功能研发汇总表'!E:S,9,FALSE) -> 0
A227: 生产、靶标及实验资产管理 | B227: 靶标资产管理 | C227: 靶标资产同步与接口管理 | D227: 靶标资产同步与接口管理 | E227: 查看靶标资产列表 | F227: ==VLOOKUP(E227,'2025期功能研发汇总表'!E:S,12,FALSE) -> V3.8.0-beat.1 | G227: ==VLOOKUP(E227,'2025期功能研发汇总表'!E:S,4,FALSE) -> 合同功能 | H227: ==VLOOKUP(E227,'2025期功能研发汇总表'!E:T,5,FALSE) -> 联调完成 | I227: ==VLOOKUP(E227,'2025期功能研发汇总表'!E:S,3,FALSE) -> 窦鹏岐 | J227: 已发布 | K227: ==VLOOKUP(E227,'2025期功能研发汇总表'!E:S,7,FALSE) -> 0 | L227: ==VLOOKUP(E227,'2025期功能研发汇总表'!E:S,8,FALSE) -> 0 | M227: ==VLOOKUP(E227,'2025期功能研发汇总表'!E:S,9,FALSE) -> 0
...

Sheet 吉林功能清单
A1: 客户需求 | B1: 一级模块 | C1: 二级模块 | D1: 三级模块 | E1: 功能过程 | F1: 版本标识 | G1: 交付情况 | H1: 菜单/路径(完成必填) | I1: 功能操作 | J1: 界面截图 | K1: 备注
A2: 中国移动天津公司2025年漏洞管理平台提升改造项目 | B2: 安全风险识别与利用分析 | C2: CPE库管理 | D2: CPE文档基础管理 | E2: CPE文档查询 | F2: ==VLOOKUP(E2,'2025期功能研发汇总表'!E:S,10,FALSE) -> V3.8.0-beat.1 | G2: 已交付 | H2: ==VLOOKUP(E2,'2025期功能研发汇总表'!E:S,7,FALSE) -> 漏洞生命周期管理/产品漏洞管理/CPE文档管理 | I2: ==VLOOKUP(E2,'2025期功能研发汇总表'!E:S,8,FALSE) -> 查询按钮 | J2: ==VLOOKUP(E2,'2025期功能研发汇总表'!E:S,9,FALSE) -> 0 | K2: ==VLOOKUP(E2,'2025期功能研发汇总表'!E:S,3,FALSE) -> 蔡云飞
E3: CPE文档创建 | F3: ==VLOOKUP(E3,'2025期功能研发汇总表'!E:S,10,FALSE) -> V3.7.0(20260312) | G3: 已发布 | H3: ==VLOOKUP(E3,'2025期功能研发汇总表'!E:S,7,FALSE) -> 漏洞生命周期管理/产品漏洞管理/CPE文档管理 | I3: ==VLOOKUP(E3,'2025期功能研发汇总表'!E:S,8,FALSE) -> 创建按钮 | J3: ==VLOOKUP(E3,'2025期功能研发汇总表'!E:S,9,FALSE) -> 0 | K3: ==VLOOKUP(E3,'2025期功能研发汇总表'!E:S,3,FALSE) -> 蔡云飞
E4: CPE文档编辑 | F4: ==VLOOKUP(E4,'2025期功能研发汇总表'!E:S,10,FALSE) -> V3.7.0(20260312) | G4: 已发布 | H4: ==VLOOKUP(E4,'2025期功能研发汇总表'!E:S,7,FALSE) -> 漏洞生命周期管理/产品漏洞管理/CPE文档管理 | I4: ==VLOOKUP(E4,'2025期功能研发汇总表'!E:S,8,FALSE) -> 编辑按钮 | J4: ==VLOOKUP(E4,'2025期功能研发汇总表'!E:S,9,FALSE) -> 0 | K4: ==VLOOKUP(E4,'2025期功能研发汇总表'!E:S,3,FALSE) -> 蔡云飞
E5: CPE文档删除 | F5: ==VLOOKUP(E5,'2025期功能研发汇总表'!E:S,10,FALSE) -> V3.7.0(20260312) | G5: 已发布 | H5: ==VLOOKUP(E5,'2025期功能研发汇总表'!E:S,7,FALSE) -> 漏洞生命周期管理/产品漏洞管理/CPE文档管理 | I5: ==VLOOKUP(E5,'2025期功能研发汇总表'!E:S,8,FALSE) -> 删除按钮 | J5: ==VLOOKUP(E5,'2025期功能研发汇总表'!E:S,9,FALSE) -> 0 | K5: ==VLOOKUP(E5,'2025期功能研发汇总表'!E:S,3,FALSE) -> 蔡云飞
E6: CPE文档导入 | F6: ==VLOOKUP(E6,'2025期功能研发汇总表'!E:S,10,FALSE) -> V3.7.0(20260312) | G6: 已发布 | H6: ==VLOOKUP(E6,'2025期功能研发汇总表'!E:S,7,FALSE) -> 漏洞生命周期管理/产品漏洞管理/CPE文档管理 | I6: ==VLOOKUP(E6,'2025期功能研发汇总表'!E:S,8,FALSE) -> 导入按钮 | J6: ==VLOOKUP(E6,'2025期功能研发汇总表'!E:S,9,FALSE) -> 0 | K6: ==VLOOKUP(E6,'2025期功能研发汇总表'!E:S,3,FALSE) -> 蔡云飞
E7: CPE文档导出 | F7: ==VLOOKUP(E7,'2025期功能研发汇总表'!E:S,10,FALSE) -> V3.7.0(20260312) | G7: 已发布 | H7: ==VLOOKUP(E7,'2025期功能研发汇总表'!E:S,7,FALSE) -> 漏洞生命周期管理/产品漏洞管理/CPE文档管理 | I7: ==VLOOKUP(E7,'2025期功能研发汇总表'!E:S,8,FALSE) -> 导出按钮 | J7: ==VLOOKUP(E7,'2025期功能研发汇总表'!E:S,9,FALSE) -> 0 | K7: ==VLOOKUP(E7,'2025期功能研发汇总表'!E:S,3,FALSE) -> 蔡云飞
D8: CPE数据标准化校验 | E8: CPE数据格式校验 | F8: ==VLOOKUP(E8,'2025期功能研发汇总表'!E:S,10,FALSE) -> V3.7.0(20260312) | G8: 已发布 | H8: ==VLOOKUP(E8,'2025期功能研发汇总表'!E:S,7,FALSE) -> 漏洞生命周期管理/产品漏洞管理/CPE文档管理 | I8: ==VLOOKUP(E8,'2025期功能研发汇总表'!E:S,8,FALSE) -> 程序内部自动执行 | J8: ==VLOOKUP(E8,'2025期功能研发汇总表'!E:S,9,FALSE) -> 0 | K8: ==VLOOKUP(E8,'2025期功能研发汇总表'!E:S,3,FALSE) -> 蔡云飞
C9: VEX文档管理 | D9: VEX文档全生命周期管理 | E9: CISA VEX文档下载 | F9: ==VLOOKUP(E9,'2025期功能研发汇总表'!E:S,10,FALSE) -> #N/A | G9: 已发布 | H9: ==VLOOKUP(E9,'2025期功能研发汇总表'!E:S,7,FALSE) -> #N/A | I9: ==VLOOKUP(E9,'2025期功能研发汇总表'!E:S,8,FALSE) -> #N/A | J9: ==VLOOKUP(E9,'2025期功能研发汇总表'!E:S,9,FALSE) -> #N/A | K9: ==VLOOKUP(E9,'2025期功能研发汇总表'!E:S,3,FALSE) -> #N/A
E10: CISA VEX文档创建 | F10: ==VLOOKUP(E10,'2025期功能研发汇总表'!E:S,10,FALSE) -> V3.8.0-beat.1 | G10: 已发布 | H10: ==VLOOKUP(E10,'2025期功能研发汇总表'!E:S,7,FALSE) -> 运营·深耕/产品漏洞与风险识别/VEX生命周期管理 | I10: ==VLOOKUP(E10,'2025期功能研发汇总表'!E:S,8,FALSE) -> 新增按钮 | J10: ==VLOOKUP(E10,'2025期功能研发汇总表'!E:S,9,FALSE) -> 0 | K10: ==VLOOKUP(E10,'2025期功能研发汇总表'!E:S,3,FALSE) -> 蔡云飞
E11: CISA VEX文档删除 | F11: ==VLOOKUP(E11,'2025期功能研发汇总表'!E:S,10,FALSE) -> V3.8.0-beat.1 | G11: 已发布 | H11: ==VLOOKUP(E11,'2025期功能研发汇总表'!E:S,7,FALSE) -> 运营·深耕/产品漏洞与风险识别/VEX生命周期管理 | I11: ==VLOOKUP(E11,'2025期功能研发汇总表'!E:S,8,FALSE) -> 删除按钮 | J11: ==VLOOKUP(E11,'2025期功能研发汇总表'!E:S,9,FALSE) -> 0 | K11: ==VLOOKUP(E11,'2025期功能研发汇总表'!E:S,3,FALSE) -> 蔡云飞
E12: CISA VEX文档导入 | F12: ==VLOOKUP(E12,'2025期功能研发汇总表'!E:S,10,FALSE) -> V3.8.0-beat.1 | G12: 已发布 | H12: ==VLOOKUP(E12,'2025期功能研发汇总表'!E:S,7,FALSE) -> 运营·深耕/产品漏洞与风险识别/VEX生命周期管理 | I12: ==VLOOKUP(E12,'2025期功能研发汇总表'!E:S,8,FALSE) -> 导入按钮 | J12: ==VLOOKUP(E12,'2025期功能研发汇总表'!E:S,9,FALSE) -> 0 | K12: ==VLOOKUP(E12,'2025期功能研发汇总表'!E:S,3,FALSE) -> 蔡云飞
E13: CISA VEX文档导出 | F13: ==VLOOKUP(E13,'2025期功能研发汇总表'!E:S,10,FALSE) -> V3.8.0-beat.1 | G13: 已发布 | H13: ==VLOOKUP(E13,'2025期功能研发汇总表'!E:S,7,FALSE) -> 运营·深耕/产品漏洞与风险识别/VEX生命周期管理 | I13: ==VLOOKUP(E13,'2025期功能研发汇总表'!E:S,8,FALSE) -> 导出按钮 | J13: ==VLOOKUP(E13,'2025期功能研发汇总表'!E:S,9,FALSE) -> 0 | K13: ==VLOOKUP(E13,'2025期功能研发汇总表'!E:S,3,FALSE) -> 蔡云飞
E14: CISA VEX文档查看 | F14: ==VLOOKUP(E14,'2025期功能研发汇总表'!E:S,10,FALSE) -> V3.8.0-beat.1 | G14: 已发布 | H14: ==VLOOKUP(E14,'2025期功能研发汇总表'!E:S,7,FALSE) -> 运营·深耕/产品漏洞与风险识别/VEX生命周期管理 | I14: ==VLOOKUP(E14,'2025期功能研发汇总表'!E:S,8,FALSE) -> 查询按钮 | J14: ==VLOOKUP(E14,'2025期功能研发汇总表'!E:S,9,FALSE) -> 0 | K14: ==VLOOKUP(E14,'2025期功能研发汇总表'!E:S,3,FALSE) -> 蔡云飞
E15: CISA VEX文档编辑 | F15: ==VLOOKUP(E15,'2025期功能研发汇总表'!E:S,10,FALSE) -> V3.8.0-beat.1 | G15: 已发布 | H15: ==VLOOKUP(E15,'2025期功能研发汇总表'!E:S,7,FALSE) -> 运营·深耕/产品漏洞与风险识别/VEX生命周期管理 | I15: ==VLOOKUP(E15,'2025期功能研发汇总表'!E:S,8,FALSE) -> 修改按钮 | J15: ==VLOOKUP(E15,'2025期功能研发汇总表'!E:S,9,FALSE) -> 0 | K15: ==VLOOKUP(E15,'2025期功能研发汇总表'!E:S,3,FALSE) -> 蔡云飞
E16: CISA单个VEX文档关联产品 | F16: ==VLOOKUP(E16,'2025期功能研发汇总表'!E:S,10,FALSE) -> V3.8.0-beat.1 | G16: 已发布 | H16: ==VLOOKUP(E16,'2025期功能研发汇总表'!E:S,7,FALSE) -> 运营·深耕/产品漏洞与风险识别/VEX生命周期管理 | I16: ==VLOOKUP(E16,'2025期功能研发汇总表'!E:S,8,FALSE) -> 列表关联查询展示 | J16: ==VLOOKUP(E16,'2025期功能研发汇总表'!E:S,9,FALSE) -> 0 | K16: ==VLOOKUP(E16,'2025期功能研发汇总表'!E:S,3,FALSE) -> 蔡云飞
D17: VEX文档解析展示 | E17: 修改基础模板 | F17: ==VLOOKUP(E17,'2025期功能研发汇总表'!E:S,10,FALSE) -> V3.7.0(20260312) | G17: 已发布 | H17: ==VLOOKUP(E17,'2025期功能研发汇总表'!E:S,7,FALSE) -> 运营·深耕/产品漏洞与风险识别/VEX文档解析管理 | I17: ==VLOOKUP(E17,'2025期功能研发汇总表'!E:S,8,FALSE) -> 修改按钮 | J17: ==VLOOKUP(E17,'2025期功能研发汇总表'!E:S,9,FALSE) -> 0 | K17: ==VLOOKUP(E17,'2025期功能研发汇总表'!E:S,3,FALSE) -> 蔡云飞
E18: 删除基础模板 | F18: ==VLOOKUP(E18,'2025期功能研发汇总表'!E:S,10,FALSE) -> V3.7.0(20260312) | G18: 已发布 | H18: ==VLOOKUP(E18,'2025期功能研发汇总表'!E:S,7,FALSE) -> 运营·深耕/产品漏洞与风险识别/VEX文档解析管理 | I18: ==VLOOKUP(E18,'2025期功能研发汇总表'!E:S,8,FALSE) -> 删除按钮 | J18: ==VLOOKUP(E18,'2025期功能研发汇总表'!E:S,9,FALSE) -> 0 | K18: ==VLOOKUP(E18,'2025期功能研发汇总表'!E:S,3,FALSE) -> 蔡云飞
E19: 导入基础模板 | F19: ==VLOOKUP(E19,'2025期功能研发汇总表'!E:S,10,FALSE) -> V3.7.0(20260312) | G19: 已发布 | H19: ==VLOOKUP(E19,'2025期功能研发汇总表'!E:S,7,FALSE) -> 运营·深耕/产品漏洞与风险识别/VEX文档解析管理 | I19: ==VLOOKUP(E19,'2025期功能研发汇总表'!E:S,8,FALSE) -> 导入按钮 | J19: ==VLOOKUP(E19,'2025期功能研发汇总表'!E:S,9,FALSE) -> 0 | K19: ==VLOOKUP(E19,'2025期功能研发汇总表'!E:S,3,FALSE) -> 蔡云飞
E20: 导出基础模板 | F20: ==VLOOKUP(E20,'2025期功能研发汇总表'!E:S,10,FALSE) -> V3.7.0(20260312) | G20: 已发布 | H20: ==VLOOKUP(E20,'2025期功能研发汇总表'!E:S,7,FALSE) -> 运营·深耕/产品漏洞与风险识别/VEX文档解析管理 | I20: ==VLOOKUP(E20,'2025期功能研发汇总表'!E:S,8,FALSE) -> 导出按钮 | J20: ==VLOOKUP(E20,'2025期功能研发汇总表'!E:S,9,FALSE) -> 0 | K20: ==VLOOKUP(E20,'2025期功能研发汇总表'!E:S,3,FALSE) -> 蔡云飞
E21: 查询基础模板 | F21: ==VLOOKUP(E21,'2025期功能研发汇总表'!E:S,10,FALSE) -> V3.7.0(20260312) | G21: 已发布 | H21: ==VLOOKUP(E21,'2025期功能研发汇总表'!E:S,7,FALSE) -> 运营·深耕/产品漏洞与风险识别/VEX文档解析管理 | I21: ==VLOOKUP(E21,'2025期功能研发汇总表'!E:S,8,FALSE) -> 查询按钮 | J21: ==VLOOKUP(E21,'2025期功能研发汇总表'!E:S,9,FALSE) -> 0 | K21: ==VLOOKUP(E21,'2025期功能研发汇总表'!E:S,3,FALSE) -> 蔡云飞
E22: 添加基础模板 | F22: ==VLOOKUP(E22,'2025期功能研发汇总表'!E:S,10,FALSE) -> V3.7.0(20260312) | G22: 已发布 | H22: ==VLOOKUP(E22,'2025期功能研发汇总表'!E:S,7,FALSE) -> 运营·深耕/产品漏洞与风险识别/VEX文档解析管理 | I22: ==VLOOKUP(E22,'2025期功能研发汇总表'!E:S,8,FALSE) -> 新增按钮 | J22: ==VLOOKUP(E22,'2025期功能研发汇总表'!E:S,9,FALSE) -> 0 | K22: ==VLOOKUP(E22,'2025期功能研发汇总表'!E:S,3,FALSE) -> 蔡云飞
D23: VEX合规性自动化检测 | E23: 问题文档拦截 | F23: ==VLOOKUP(E23,'2025期功能研发汇总表'!E:S,10,FALSE) -> V3.7.0(20260312) | G23: 已发布 | H23: ==VLOOKUP(E23,'2025期功能研发汇总表'!E:S,7,FALSE) -> 运营·深耕/产品漏洞与风险识别/VEX文档解析管理 | I23: ==VLOOKUP(E23,'2025期功能研发汇总表'!E:S,8,FALSE) -> 程序内部自动检测执行 | J23: ==VLOOKUP(E23,'2025期功能研发汇总表'!E:S,9,FALSE) -> 0 | K23: ==VLOOKUP(E23,'2025期功能研发汇总表'!E:S,3,FALSE) -> 蔡云飞
C24: 风险组件库管理 | D24: 已知风险资产组件管理 | E24: 已知风险资产组件查询 | F24: ==VLOOKUP(E24,'2025期功能研发汇总表'!E:S,10,FALSE) -> V3.7.0(20260312) | G24: 已发布 | H24: ==VLOOKUP(E24,'2025期功能研发汇总表'!E:S,7,FALSE) -> 信息化资产管理/资产管理/已知风险资产组件管理 | I24: ==VLOOKUP(E24,'2025期功能研发汇总表'!E:S,8,FALSE) -> 查询按钮 | J24: ==VLOOKUP(E24,'2025期功能研发汇总表'!E:S,9,FALSE) -> 0 | K24: ==VLOOKUP(E24,'2025期功能研发汇总表'!E:S,3,FALSE) -> 蔡云飞
E25: 已知风险资产组件新增 | F25: ==VLOOKUP(E25,'2025期功能研发汇总表'!E:S,10,FALSE) -> V3.7.0(20260312) | G25: 已发布 | H25: ==VLOOKUP(E25,'2025期功能研发汇总表'!E:S,7,FALSE) -> 信息化资产管理/资产管理/已知风险资产组件管理 | I25: ==VLOOKUP(E25,'2025期功能研发汇总表'!E:S,8,FALSE) -> 新增按钮 | J25: ==VLOOKUP(E25,'2025期功能研发汇总表'!E:S,9,FALSE) -> 0 | K25: ==VLOOKUP(E25,'2025期功能研发汇总表'!E:S,3,FALSE) -> 蔡云飞
E26: 已知风险资产组件删除 | F26: ==VLOOKUP(E26,'2025期功能研发汇总表'!E:S,10,FALSE) -> V3.7.0(20260312) | G26: 已发布 | H26: ==VLOOKUP(E26,'2025期功能研发汇总表'!E:S,7,FALSE) -> 信息化资产管理/资产管理/已知风险资产组件管理 | I26: ==VLOOKUP(E26,'2025期功能研发汇总表'!E:S,8,FALSE) -> 删除按钮 | J26: ==VLOOKUP(E26,'2025期功能研发汇总表'!E:S,9,FALSE) -> 0 | K26: ==VLOOKUP(E26,'2025期功能研发汇总表'!E:S,3,FALSE) -> 蔡云飞
E27: 已知风险资产组件修改 | F27: ==VLOOKUP(E27,'2025期功能研发汇总表'!E:S,10,FALSE) -> V3.7.0(20260312) | G27: 已发布 | H27: ==VLOOKUP(E27,'2025期功能研发汇总表'!E:S,7,FALSE) -> 信息化资产管理/资产管理/已知风险资产组件管理 | I27: ==VLOOKUP(E27,'2025期功能研发汇总表'!E:S,8,FALSE) -> 修改按钮 | J27: ==VLOOKUP(E27,'2025期功能研发汇总表'!E:S,9,FALSE) -> 0 | K27: ==VLOOKUP(E27,'2025期功能研发汇总表'!E:S,3,FALSE) -> 蔡云飞
E28: 整理资产指纹、CPE库、VEX文档数据(查询) | F28: ==VLOOKUP(E28,'2025期功能研发汇总表'!E:S,10,FALSE) -> V3.8.0-beat.1 | G28: 已发布 | H28: ==VLOOKUP(E28,'2025期功能研发汇总表'!E:S,7,FALSE) -> 信息化资产管理/资产管理/已知风险资产组件管理 | I28: ==VLOOKUP(E28,'2025期功能研发汇总表'!E:S,8,FALSE) -> 查询按钮 | J28: ==VLOOKUP(E28,'2025期功能研发汇总表'!E:S,9,FALSE) -> 0 | K28: ==VLOOKUP(E28,'2025期功能研发汇总表'!E:S,3,FALSE) -> 蔡云飞
D29: 风险资产组件评分 | E29: 风险资产组件评分计算 | F29: ==VLOOKUP(E29,'2025期功能研发汇总表'!E:S,10,FALSE) -> V3.8.0-beat.1 | G29: 已发布 | H29: ==VLOOKUP(E29,'2025期功能研发汇总表'!E:S,7,FALSE) -> 信息化资产管理/资产管理/风险资产组件评分管理 | I29: ==VLOOKUP(E29,'2025期功能研发汇总表'!E:S,8,FALSE) -> 计算按钮 | J29: ==VLOOKUP(E29,'2025期功能研发汇总表'!E:S,9,FALSE) -> 0 | K29: ==VLOOKUP(E29,'2025期功能研发汇总表'!E:S,3,FALSE) -> 蔡云飞
E30: 风险资产组件评分手动调整 | F30: ==VLOOKUP(E30,'2025期功能研发汇总表'!E:S,10,FALSE) -> V3.8.0-beat.1 | G30: 已发布 | H30: ==VLOOKUP(E30,'2025期功能研发汇总表'!E:S,7,FALSE) -> 信息化资产管理/资产管理/风险资产组件评分管理 | I30: ==VLOOKUP(E30,'2025期功能研发汇总表'!E:S,8,FALSE) -> 修改按钮 | J30: ==VLOOKUP(E30,'2025期功能研发汇总表'!E:S,9,FALSE) -> 0 | K30: ==VLOOKUP(E30,'2025期功能研发汇总表'!E:S,3,FALSE) -> 蔡云飞
E31: 风险资产组件评分规则配置 | F31: ==VLOOKUP(E31,'2025期功能研发汇总表'!E:S,10,FALSE) -> V3.8.0-beat.1 | G31: 已发布 | H31: ==VLOOKUP(E31,'2025期功能研发汇总表'!E:S,7,FALSE) -> 信息化资产管理/资产管理/风险资产组件评分管理 | I31: ==VLOOKUP(E31,'2025期功能研发汇总表'!E:S,8,FALSE) -> 配置按钮 | J31: ==VLOOKUP(E31,'2025期功能研发汇总表'!E:S,9,FALSE) -> 0 | K31: ==VLOOKUP(E31,'2025期功能研发汇总表'!E:S,3,FALSE) -> 蔡云飞
C32: 弱口令字典库管理 | D32: 口令字典接收与同步 | E32: 接收口令字典 | F32: ==VLOOKUP(E32,'2025期功能研发汇总表'!E:S,10,FALSE) -> V3.7.0(20260312) | G32: 已发布 | H32: ==VLOOKUP(E32,'2025期功能研发汇总表'!E:S,7,FALSE) -> 漏洞管理平台/工单管理/系统漏洞工单 | I32: ==VLOOKUP(E32,'2025期功能研发汇总表'!E:S,8,FALSE) -> 弱口令的工单，可以同步至弱口令管理页面，以便同步至扫描器 | J32: ==VLOOKUP(E32,'2025期功能研发汇总表'!E:S,9,FALSE) -> ["https://docimg2.docs.qq.com/image/AgAABqoC77fz5Pb9rbxOuIl0OUEAcGGP.png?w=1674&h=774",400,184] | K32: ==VLOOKUP(E32,'2025期功能研发汇总表'!E:S,3,FALSE) -> 仲光华
E33: 同步口令字典 | F33: ==VLOOKUP(E33,'2025期功能研发汇总表'!E:S,10,FALSE) -> V3.7.0(20260312) | G33: 已发布 | H33: ==VLOOKUP(E33,'2025期功能研发汇总表'!E:S,7,FALSE) -> 运营·深耕/弱口令与扫描管理 | I33: ==VLOOKUP(E33,'2025期功能研发汇总表'!E:S,8,FALSE) -> 0 | J33: ==VLOOKUP(E33,'2025期功能研发汇总表'!E:S,9,FALSE) -> ["https://docimg9.docs.qq.com/image/AgAABqoC77d-6wotv31KcaXA51pk6VdU.png?w=1682&h=775",400,184] | K33: ==VLOOKUP(E33,'2025期功能研发汇总表'!E:S,3,FALSE) -> 仲光华
E34: 口令字典批量同步至扫描器 | F34: ==VLOOKUP(E34,'2025期功能研发汇总表'!E:S,10,FALSE) -> V3.7.0(20260312) | G34: 已发布 | H34: ==VLOOKUP(E34,'2025期功能研发汇总表'!E:S,7,FALSE) -> 运营·深耕/弱口令与扫描管理 | J34: ==VLOOKUP(E34,'2025期功能研发汇总表'!E:S,9,FALSE) -> ["https://docimg3.docs.qq.com/image/AgAABqoC77cyDwXFvH5ETJEQ9ZVOmE5m.png?w=1673&h=776",400,185] | K34: ==VLOOKUP(E34,'2025期功能研发汇总表'!E:S,3,FALSE) -> 仲光华
E35: 记录口令字典同步历史 | F35: ==VLOOKUP(E35,'2025期功能研发汇总表'!E:S,10,FALSE) -> V3.7.0(20260312) | G35: 已发布 | H35: ==VLOOKUP(E35,'2025期功能研发汇总表'!E:S,7,FALSE) -> 运营·深耕/弱口令与扫描管理 | J35: ==VLOOKUP(E35,'2025期功能研发汇总表'!E:S,9,FALSE) -> ["https://docimg7.docs.qq.com/image/AgAABqoC77fVx1ZoTwNCDrEnZykm3vRU.png?w=1666&h=773",400,185] | K35: ==VLOOKUP(E35,'2025期功能研发汇总表'!E:S,3,FALSE) -> 仲光华
E36: 查询口令字典同步历史 | F36: ==VLOOKUP(E36,'2025期功能研发汇总表'!E:S,10,FALSE) -> V3.7.0(20260312) | G36: 已发布 | H36: ==VLOOKUP(E36,'2025期功能研发汇总表'!E:S,7,FALSE) -> 运营·深耕/弱口令与扫描管理 | J36: ==VLOOKUP(E36,'2025期功能研发汇总表'!E:S,9,FALSE) -> 0 | K36: ==VLOOKUP(E36,'2025期功能研发汇总表'!E:S,3,FALSE) -> 仲光华
D37: 口令字典内容管理 | E37: 查询口令字典列表 | F37: ==VLOOKUP(E37,'2025期功能研发汇总表'!E:S,10,FALSE) -> V3.7.0(20260312) | G37: 已发布 | H37: ==VLOOKUP(E37,'2025期功能研发汇总表'!E:S,7,FALSE) -> 运营·深耕/弱口令与扫描管理/弱口令管理 | I37: ==VLOOKUP(E34,'2025期功能研发汇总表'!E:S,8,FALSE) -> 0 | J37: ==VLOOKUP(E37,'2025期功能研发汇总表'!E:S,9,FALSE) -> ["https://docimg9.docs.qq.com/image/AgAABqoC77dqA0KHtsJPcrj0qjGILR-F.png?w=1665&h=775",400,186] | K37: ==VLOOKUP(E37,'2025期功能研发汇总表'!E:S,3,FALSE) -> 仲光华
E38: 新增口令字典 | F38: ==VLOOKUP(E38,'2025期功能研发汇总表'!E:S,10,FALSE) -> V3.7.0(20260312) | G38: 已发布 | H38: ==VLOOKUP(E38,'2025期功能研发汇总表'!E:S,7,FALSE) -> 运营·深耕/弱口令与扫描管理/弱口令管理 | I38: ==VLOOKUP(E35,'2025期功能研发汇总表'!E:S,8,FALSE) -> 0 | J38: ==VLOOKUP(E38,'2025期功能研发汇总表'!E:S,9,FALSE) -> 0 | K38: ==VLOOKUP(E38,'2025期功能研发汇总表'!E:S,3,FALSE) -> 仲光华
E39: 修改口令字典 | F39: ==VLOOKUP(E39,'2025期功能研发汇总表'!E:S,10,FALSE) -> V3.7.0(20260312) | G39: 已发布 | H39: ==VLOOKUP(E39,'2025期功能研发汇总表'!E:S,7,FALSE) -> 运营·深耕/弱口令与扫描管理/弱口令管理 | I39: ==VLOOKUP(E36,'2025期功能研发汇总表'!E:S,8,FALSE) -> 0 | J39: ==VLOOKUP(E39,'2025期功能研发汇总表'!E:S,9,FALSE) -> 0 | K39: ==VLOOKUP(E39,'2025期功能研发汇总表'!E:S,3,FALSE) -> 仲光华
E40: 删除口令字典 | F40: ==VLOOKUP(E40,'2025期功能研发汇总表'!E:S,10,FALSE) -> V3.7.0(20260312) | G40: 已发布 | H40: ==VLOOKUP(E40,'2025期功能研发汇总表'!E:S,7,FALSE) -> 运营·深耕/弱口令与扫描管理/弱口令管理 | I40: ==VLOOKUP(E40,'2025期功能研发汇总表'!E:S,8,FALSE) -> 0 | J40: ==VLOOKUP(E40,'2025期功能研发汇总表'!E:S,9,FALSE) -> 0 | K40: ==VLOOKUP(E40,'2025期功能研发汇总表'!E:S,3,FALSE) -> 仲光华
E41: 批量删除口令字典 | F41: ==VLOOKUP(E41,'2025期功能研发汇总表'!E:S,10,FALSE) -> V3.7.0(20260312) | G41: 已发布 | H41: ==VLOOKUP(E41,'2025期功能研发汇总表'!E:S,7,FALSE) -> 运营·深耕/弱口令与扫描管理/弱口令管理 | I41: ==VLOOKUP(E41,'2025期功能研发汇总表'!E:S,8,FALSE) -> 0 | J41: ==VLOOKUP(E41,'2025期功能研发汇总表'!E:S,9,FALSE) -> 0 | K41: ==VLOOKUP(E41,'2025期功能研发汇总表'!E:S,3,FALSE) -> 仲光华
D42: 口令字典分类管理 | E42: 查询用户名口令字典 | F42: ==VLOOKUP(E42,'2025期功能研发汇总表'!E:S,10,FALSE) -> V3.7.0(20260312) | G42: 已发布 | H42: ==VLOOKUP(E42,'2025期功能研发汇总表'!E:S,7,FALSE) -> 运营·深耕/弱口令与扫描管理/弱口令管理 | I42: ==VLOOKUP(E42,'2025期功能研发汇总表'!E:S,8,FALSE) -> 0 | J42: ==VLOOKUP(E42,'2025期功能研发汇总表'!E:S,9,FALSE) -> ["https://docimg7.docs.qq.com/image/AgAABqoC77e2beZPR3tPzrZZCDsSamg2.png?w=1668&h=772",400,185] | K42: ==VLOOKUP(E42,'2025期功能研发汇总表'!E:S,3,FALSE) -> 仲光华
E43: 查询用户名密码字典 | F43: ==VLOOKUP(E43,'2025期功能研发汇总表'!E:S,10,FALSE) -> V3.7.0(20260312) | G43: 已发布 | H43: ==VLOOKUP(E43,'2025期功能研发汇总表'!E:S,7,FALSE) -> 运营·深耕/弱口令与扫描管理/弱口令管理 | I43: ==VLOOKUP(E43,'2025期功能研发汇总表'!E:S,8,FALSE) -> 0 | J43: ==VLOOKUP(E43,'2025期功能研发汇总表'!E:S,9,FALSE) -> 0 | K43: ==VLOOKUP(E43,'2025期功能研发汇总表'!E:S,3,FALSE) -> 仲光华
E44: 查询密码口令字典 | F44: ==VLOOKUP(E44,'2025期功能研发汇总表'!E:S,10,FALSE) -> V3.7.0(20260312) | G44: 已发布 | H44: ==VLOOKUP(E44,'2025期功能研发汇总表'!E:S,7,FALSE) -> 运营·深耕/弱口令与扫描管理/弱口令管理 | I44: ==VLOOKUP(E44,'2025期功能研发汇总表'!E:S,8,FALSE) -> 0 | J44: ==VLOOKUP(E44,'2025期功能研发汇总表'!E:S,9,FALSE) -> 0 | K44: ==VLOOKUP(E44,'2025期功能研发汇总表'!E:S,3,FALSE) -> 仲光华
D45: 口令字典导入导出 | E45: 口令字典导入 | F45: ==VLOOKUP(E45,'2025期功能研发汇总表'!E:S,10,FALSE) -> V3.7.0(20260312) | G45: 已发布 | H45: ==VLOOKUP(E45,'2025期功能研发汇总表'!E:S,7,FALSE) -> 运营·深耕/弱口令与扫描管理/弱口令管理 | I45: ==VLOOKUP(E45,'2025期功能研发汇总表'!E:S,8,FALSE) -> 0 | J45: ==VLOOKUP(E45,'2025期功能研发汇总表'!E:S,9,FALSE) -> ["https://docimg3.docs.qq.com/image/AgAABqoC77duJRvLKi5FSbwEOiCz_ZRW.png?w=1676&h=775",400,184] | K45: ==VLOOKUP(E45,'2025期功能研发汇总表'!E:S,3,FALSE) -> 仲光华
E46: 口令字典导出 | F46: ==VLOOKUP(E46,'2025期功能研发汇总表'!E:S,10,FALSE) -> V3.7.0(20260312) | G46: 已发布 | H46: ==VLOOKUP(E46,'2025期功能研发汇总表'!E:S,7,FALSE) -> 运营·深耕/弱口令与扫描管理/弱口令管理 | I46: ==VLOOKUP(E46,'2025期功能研发汇总表'!E:S,8,FALSE) -> 0 | J46: ==VLOOKUP(E46,'2025期功能研发汇总表'!E:S,9,FALSE) -> ["https://docimg10.docs.qq.com/image/AgAABqoC77douhPCY39Gwpwq3pVLLrcC.png?w=1668&h=772",400,185] | K46: ==VLOOKUP(E46,'2025期功能研发汇总表'!E:S,3,FALSE) -> 仲光华
E47: 口令字典批量导入 | F47: ==VLOOKUP(E47,'2025期功能研发汇总表'!E:S,10,FALSE) -> V3.7.0(20260312) | G47: 已发布 | H47: ==VLOOKUP(E47,'2025期功能研发汇总表'!E:S,7,FALSE) -> 运营·深耕/弱口令与扫描管理/弱口令管理 | I47: ==VLOOKUP(E47,'2025期功能研发汇总表'!E:S,8,FALSE) -> 0 | J47: ==VLOOKUP(E47,'2025期功能研发汇总表'!E:S,9,FALSE) -> 0 | K47: ==VLOOKUP(E47,'2025期功能研发汇总表'!E:S,3,FALSE) -> 仲光华
D48: 口令字典应用配置 | E48: 弱口令列表查询 | F48: ==VLOOKUP(E48,'2025期功能研发汇总表'!E:S,10,FALSE) -> V3.7.0(20260312) | G48: 已发布 | H48: ==VLOOKUP(E48,'2025期功能研发汇总表'!E:S,7,FALSE) -> 运营·深耕/弱口令与扫描管理/弱口令配置 | I48: ==VLOOKUP(E48,'2025期功能研发汇总表'!E:S,8,FALSE) -> 0 | J48: ==VLOOKUP(E48,'2025期功能研发汇总表'!E:S,9,FALSE) -> ["https://docimg4.docs.qq.com/image/AgAABqoC77domYiGmqBCVaY3INjJifio.png?w=1917&h=891",400,185] | K48: ==VLOOKUP(E48,'2025期功能研发汇总表'!E:S,3,FALSE) -> 仲光华
E49: 新增弱口令配置 | F49: ==VLOOKUP(E49,'2025期功能研发汇总表'!E:S,10,FALSE) -> V3.7.0(20260312) | G49: 已发布 | H49: ==VLOOKUP(E49,'2025期功能研发汇总表'!E:S,7,FALSE) -> 运营·深耕/弱口令与扫描管理/弱口令配置 | I49: ==VLOOKUP(E49,'2025期功能研发汇总表'!E:S,8,FALSE) -> 0 | J49: ==VLOOKUP(E49,'2025期功能研发汇总表'!E:S,9,FALSE) -> 0 | K49: ==VLOOKUP(E49,'2025期功能研发汇总表'!E:S,3,FALSE) -> 仲光华
E50: 修改弱口令配置 | F50: ==VLOOKUP(E50,'2025期功能研发汇总表'!E:S,10,FALSE) -> V3.7.0(20260312) | G50: 已发布 | H50: ==VLOOKUP(E50,'2025期功能研发汇总表'!E:S,7,FALSE) -> 运营·深耕/弱口令与扫描管理/弱口令配置 | I50: ==VLOOKUP(E50,'2025期功能研发汇总表'!E:S,8,FALSE) -> 0 | J50: ==VLOOKUP(E50,'2025期功能研发汇总表'!E:S,9,FALSE) -> 0 | K50: ==VLOOKUP(E50,'2025期功能研发汇总表'!E:S,3,FALSE) -> 仲光华
E51: 删除弱口令配置 | F51: ==VLOOKUP(E51,'2025期功能研发汇总表'!E:S,10,FALSE) -> V3.7.0(20260312) | G51: 已发布 | H51: ==VLOOKUP(E51,'2025期功能研发汇总表'!E:S,7,FALSE) -> 运营·深耕/弱口令与扫描管理/弱口令配置 | I51: ==VLOOKUP(E51,'2025期功能研发汇总表'!E:S,8,FALSE) -> 0 | J51: ==VLOOKUP(E51,'2025期功能研发汇总表'!E:S,9,FALSE) -> 0 | K51: ==VLOOKUP(E51,'2025期功能研发汇总表'!E:S,3,FALSE) -> 仲光华
E52: 批量删除弱口令 | F52: ==VLOOKUP(E52,'2025期功能研发汇总表'!E:S,10,FALSE) -> V3.7.0(20260312) | G52: 已发布 | H52: ==VLOOKUP(E52,'2025期功能研发汇总表'!E:S,7,FALSE) -> 运营·深耕/弱口令与扫描管理/弱口令配置 | I52: ==VLOOKUP(E52,'2025期功能研发汇总表'!E:S,8,FALSE) -> 0 | J52: ==VLOOKUP(E52,'2025期功能研发汇总表'!E:S,9,FALSE) -> 0 | K52: ==VLOOKUP(E52,'2025期功能研发汇总表'!E:S,3,FALSE) -> 仲光华
D53: 本省字典回传与更新 | E53: 未上传弱口令筛选 | F53: ==VLOOKUP(E53,'2025期功能研发汇总表'!E:S,10,FALSE) -> V3.7.0(20260312) | G53: 已发布 | H53: ==VLOOKUP(E53,'2025期功能研发汇总表'!E:S,7,FALSE) -> 漏洞管理平台/工单管理/系统漏洞工单 | I53: ==VLOOKUP(E53,'2025期功能研发汇总表'!E:S,8,FALSE) -> 搜索处置方式是字典组合爆破的，可以看到未回传的任务 | J53: ==VLOOKUP(E53,'2025期功能研发汇总表'!E:S,9,FALSE) -> ["https://docimg8.docs.qq.com/image/AgAABqoC77dISMkIlf1GkZTO73rM0eL3.png?w=1919&h=888",400,185] | K53: ==VLOOKUP(E53,'2025期功能研发汇总表'!E:S,3,FALSE) -> 仲光华
E54: 回传弱口令 | F54: ==VLOOKUP(E54,'2025期功能研发汇总表'!E:S,10,FALSE) -> V3.7.0(20260312) | G54: 已发布 | H54: ==VLOOKUP(E54,'2025期功能研发汇总表'!E:S,7,FALSE) -> 漏洞管理平台/任务管理/口令字典上传任务 | I54: ==VLOOKUP(E54,'2025期功能研发汇总表'!E:S,8,FALSE) -> 选择业务场景后，点击上传按钮进行回传 | J54: ==VLOOKUP(E54,'2025期功能研发汇总表'!E:S,9,FALSE) -> ["https://docimg7.docs.qq.com/image/AgAABqoC77cGvGgneVROnKuhI7yvUdOJ.png?w=1917&h=885",400,184] | K54: ==VLOOKUP(E54,'2025期功能研发汇总表'!E:S,3,FALSE) -> 仲光华
B55: 产品漏洞关联分析 | C55: 产品漏洞管理应用 | D55: 漏洞关联分析 | E55: 创建预警专项任务 | F55: ==VLOOKUP(E55,'2025期功能研发汇总表'!E:S,10,FALSE) -> V3.7.0(20260312) | G55: 已发布 | H55: ==VLOOKUP(E55,'2025期功能研发汇总表'!E:S,7,FALSE) -> 漏洞管理平台/任务管理/产品漏洞预警任务 | I55: ==VLOOKUP(E55,'2025期功能研发汇总表'!E:S,8,FALSE) -> 工单详情 > 任务下发；任务详情 | J55: ==VLOOKUP(E55,'2025期功能研发汇总表'!E:S,9,FALSE) -> 0 | K55: ==VLOOKUP(E55,'2025期功能研发汇总表'!E:S,3,FALSE) -> 张明峰
E56: 查看预警任务结果 | F56: ==VLOOKUP(E56,'2025期功能研发汇总表'!E:S,10,FALSE) -> V3.7.0(20260312) | G56: 已发布 | H56: ==VLOOKUP(E56,'2025期功能研发汇总表'!E:S,7,FALSE) -> 0 | I56: ==VLOOKUP(E56,'2025期功能研发汇总表'!E:S,8,FALSE) -> 0 | J56: ==VLOOKUP(E56,'2025期功能研发汇总表'!E:S,9,FALSE) -> 0 | K56: ==VLOOKUP(E56,'2025期功能研发汇总表'!E:S,3,FALSE) -> 张明峰
D57: 修复决策支持 | E57: 查看修复决策策略 | F57: ==VLOOKUP(E57,'2025期功能研发汇总表'!E:S,10,FALSE) -> V3.8.0-beat.1 | G57: 已发布 | H57: ==VLOOKUP(E57,'2025期功能研发汇总表'!E:S,7,FALSE) -> 运营·深耕/产品漏洞与风险识别/修复决策支持 | I57: ==VLOOKUP(E57,'2025期功能研发汇总表'!E:S,8,FALSE) -> 0 | J57: ==VLOOKUP(E57,'2025期功能研发汇总表'!E:S,9,FALSE) -> 0 | K57: ==VLOOKUP(E57,'2025期功能研发汇总表'!E:S,3,FALSE) -> 张明峰
E58: 修改修复决策策略 | F58: ==VLOOKUP(E58,'2025期功能研发汇总表'!E:S,10,FALSE) -> V3.8.0-beat.1 | G58: 已发布 | H58: ==VLOOKUP(E58,'2025期功能研发汇总表'!E:S,7,FALSE) -> 运营·深耕/产品漏洞与风险识别/修复决策支持 | I58: ==VLOOKUP(E58,'2025期功能研发汇总表'!E:S,8,FALSE) -> 0 | J58: ==VLOOKUP(E58,'2025期功能研发汇总表'!E:S,9,FALSE) -> 0 | K58: ==VLOOKUP(E58,'2025期功能研发汇总表'!E:S,3,FALSE) -> 张明峰
E59: 删除修复决策策略 | F59: ==VLOOKUP(E59,'2025期功能研发汇总表'!E:S,10,FALSE) -> V3.8.0-beat.1 | G59: 已发布 | H59: ==VLOOKUP(E59,'2025期功能研发汇总表'!E:S,7,FALSE) -> 运营·深耕/产品漏洞与风险识别/修复决策支持 | I59: ==VLOOKUP(E59,'2025期功能研发汇总表'!E:S,8,FALSE) -> 0 | J59: ==VLOOKUP(E59,'2025期功能研发汇总表'!E:S,9,FALSE) -> 0 | K59: ==VLOOKUP(E59,'2025期功能研发汇总表'!E:S,3,FALSE) -> 张明峰
D60: 漏洞指纹排查 | E60: 采集漏洞指纹 | F60: ==VLOOKUP(E60,'2025期功能研发汇总表'!E:S,10,FALSE) -> V3.8.0-beat.1 | G60: 已发布 | H60: ==VLOOKUP(E60,'2025期功能研发汇总表'!E:S,7,FALSE) -> 信息化资产管理/资产管理/漏洞指纹管理 | I60: ==VLOOKUP(E60,'2025期功能研发汇总表'!E:S,8,FALSE) -> 漏洞扫描任务发现漏洞后，自动标准化资产组件信息同步到漏洞指纹库 | J60: ==VLOOKUP(E60,'2025期功能研发汇总表'!E:S,9,FALSE) -> 0 | K60: ==VLOOKUP(E60,'2025期功能研发汇总表'!E:S,3,FALSE) -> 张明峰
E61: 查看漏洞指纹 | F61: ==VLOOKUP(E61,'2025期功能研发汇总表'!E:S,10,FALSE) -> V3.8.0-beat.1 | G61: 已发布 | H61: ==VLOOKUP(E61,'2025期功能研发汇总表'!E:S,7,FALSE) -> 信息化资产管理/资产管理/漏洞指纹管理 | I61: ==VLOOKUP(E61,'2025期功能研发汇总表'!E:S,8,FALSE) -> 从列表查看漏洞扫描任务发现的漏洞指纹信息，当前仅支持开放端口 | J61: ==VLOOKUP(E61,'2025期功能研发汇总表'!E:S,9,FALSE) -> 0 | K61: ==VLOOKUP(E61,'2025期功能研发汇总表'!E:S,3,FALSE) -> 张明峰
B62: 数据同步 | C62: VEX数据上报及接收 | D62: VEX数据接口 | E62: 上传VEX文档 | F62: ==VLOOKUP(E62,'2025期功能研发汇总表'!E:S,10,FALSE) -> V3.8.0-beat.1 | G62: 已发布 | H62: ==VLOOKUP(E62,'2025期功能研发汇总表'!E:S,7,FALSE) -> 运营·深耕/产品漏洞与风险识别/VEX数据接口管理 | I62: ==VLOOKUP(E62,'2025期功能研发汇总表'!E:S,8,FALSE) -> 上传按钮 | J62: ==VLOOKUP(E62,'2025期功能研发汇总表'!E:S,9,FALSE) -> 0 | K62: ==VLOOKUP(E62,'2025期功能研发汇总表'!E:S,3,FALSE) -> 蔡云飞
E63: 接收VEX文档 | F63: ==VLOOKUP(E63,'2025期功能研发汇总表'!E:S,10,FALSE) -> V3.8.0-beat.1 | G63: 已发布 | H63: ==VLOOKUP(E63,'2025期功能研发汇总表'!E:S,7,FALSE) -> 运营·深耕/产品漏洞与风险识别/VEX数据接口管理 | I63: ==VLOOKUP(E63,'2025期功能研发汇总表'!E:S,8,FALSE) -> 接收按钮 | J63: ==VLOOKUP(E63,'2025期功能研发汇总表'!E:S,9,FALSE) -> 0 | K63: ==VLOOKUP(E63,'2025期功能研发汇总表'!E:S,3,FALSE) -> 蔡云飞
E64: 查看VEX文档信息 | F64: ==VLOOKUP(E64,'2025期功能研发汇总表'!E:S,10,FALSE) -> V3.8.0-beat.1 | G64: 已发布 | H64: ==VLOOKUP(E64,'2025期功能研发汇总表'!E:S,7,FALSE) -> 运营·深耕/产品漏洞与风险识别/VEX数据接口管理 | I64: ==VLOOKUP(E64,'2025期功能研发汇总表'!E:S,8,FALSE) -> 详情查询按钮 | J64: ==VLOOKUP(E64,'2025期功能研发汇总表'!E:S,9,FALSE) -> 0 | K64: ==VLOOKUP(E64,'2025期功能研发汇总表'!E:S,3,FALSE) -> 蔡云飞
E65: 显示VEX文档信息 | F65: ==VLOOKUP(E65,'2025期功能研发汇总表'!E:S,10,FALSE) -> V3.8.0-beat.1 | G65: 已发布 | H65: ==VLOOKUP(E65,'2025期功能研发汇总表'!E:S,7,FALSE) -> 运营·深耕/产品漏洞与风险识别/VEX数据接口管理 | I65: ==VLOOKUP(E65,'2025期功能研发汇总表'!E:S,8,FALSE) -> 查询按钮 | J65: ==VLOOKUP(E65,'2025期功能研发汇总表'!E:S,9,FALSE) -> 0 | K65: ==VLOOKUP(E65,'2025期功能研发汇总表'!E:S,3,FALSE) -> 蔡云飞
C66: 漏洞修复状态同步 | D66: 漏洞修复状态同步接口 | E66: 漏洞修复状态查询 | F66: ==VLOOKUP(E66,'2025期功能研发汇总表'!E:S,10,FALSE) -> V3.7.0(20260312) | G66: 已发布 | H66: ==VLOOKUP(E66,'2025期功能研发汇总表'!E:S,7,FALSE) -> 运营·深耕/漏洞修复核验/漏洞修复状态同步管理 | I66: ==VLOOKUP(E66,'2025期功能研发汇总表'!E:S,8,FALSE) -> 查询按钮 | J66: ==VLOOKUP(E66,'2025期功能研发汇总表'!E:S,9,FALSE) -> 0 | K66: ==VLOOKUP(E66,'2025期功能研发汇总表'!E:S,3,FALSE) -> 蔡云飞
E67: 漏洞修复状态更新 | F67: ==VLOOKUP(E67,'2025期功能研发汇总表'!E:S,10,FALSE) -> V3.7.0(20260312) | G67: 已发布 | H67: ==VLOOKUP(E67,'2025期功能研发汇总表'!E:S,7,FALSE) -> 运营·深耕/漏洞修复核验/漏洞修复状态同步管理 | I67: ==VLOOKUP(E67,'2025期功能研发汇总表'!E:S,8,FALSE) -> 修改按钮 | J67: ==VLOOKUP(E67,'2025期功能研发汇总表'!E:S,9,FALSE) -> 0 | K67: ==VLOOKUP(E67,'2025期功能研发汇总表'!E:S,3,FALSE) -> 蔡云飞
E68: 漏洞修复状态同步至资产管理平台 | F68: ==VLOOKUP(E68,'2025期功能研发汇总表'!E:S,10,FALSE) -> V3.7.0(20260312) | G68: 已发布 | H68: ==VLOOKUP(E68,'2025期功能研发汇总表'!E:S,7,FALSE) -> 运营·深耕/漏洞修复核验/漏洞修复状态同步管理 | I68: ==VLOOKUP(E68,'2025期功能研发汇总表'!E:S,8,FALSE) -> 同步数据按钮 | J68: ==VLOOKUP(E68,'2025期功能研发汇总表'!E:S,9,FALSE) -> 0 | K68: ==VLOOKUP(E68,'2025期功能研发汇总表'!E:S,3,FALSE) -> 蔡云飞
E69: 漏洞修复状态同步结果查询 | F69: ==VLOOKUP(E69,'2025期功能研发汇总表'!E:S,10,FALSE) -> V3.7.0(20260312) | G69: 已发布 | H69: ==VLOOKUP(E69,'2025期功能研发汇总表'!E:S,7,FALSE) -> 运营·深耕/漏洞修复核验/漏洞修复状态同步管理 | I69: ==VLOOKUP(E69,'2025期功能研发汇总表'!E:S,8,FALSE) -> 同步查询按钮 | J69: ==VLOOKUP(E69,'2025期功能研发汇总表'!E:S,9,FALSE) -> 0 | K69: ==VLOOKUP(E69,'2025期功能研发汇总表'!E:S,3,FALSE) -> 蔡云飞
C70: 数据一致性保障 | D70: 数据一致性校验任务 | E70: 数据一致性审批查询 | F70: ==VLOOKUP(E70,'2025期功能研发汇总表'!E:S,10,FALSE) -> V3.7.0(20260312) | G70: 已部署 | H70: ==VLOOKUP(E70,'2025期功能研发汇总表'!E:S,7,FALSE) -> 运营·深耕/漏洞修复核验/数据一致性审批 | I70: ==VLOOKUP(E70,'2025期功能研发汇总表'!E:S,8,FALSE) -> 审批查询按钮 | J70: ==VLOOKUP(E70,'2025期功能研发汇总表'!E:S,9,FALSE) -> 0 | K70: ==VLOOKUP(E70,'2025期功能研发汇总表'!E:S,3,FALSE) -> 蔡云飞
E71: 数据一致性审批创建 | F71: ==VLOOKUP(E71,'2025期功能研发汇总表'!E:S,10,FALSE) -> V3.7.0(20260312) | G71: 已部署 | H71: ==VLOOKUP(E71,'2025期功能研发汇总表'!E:S,7,FALSE) -> 运营·深耕/漏洞修复核验/数据一致性审批 | I71: ==VLOOKUP(E71,'2025期功能研发汇总表'!E:S,8,FALSE) -> 新增按钮 | J71: ==VLOOKUP(E71,'2025期功能研发汇总表'!E:S,9,FALSE) -> 0 | K71: ==VLOOKUP(E71,'2025期功能研发汇总表'!E:S,3,FALSE) -> 蔡云飞
E72: 数据一致性审批启动 | F72: ==VLOOKUP(E72,'2025期功能研发汇总表'!E:S,10,FALSE) -> V3.7.0(20260312) | G72: 已发布 | H72: ==VLOOKUP(E72,'2025期功能研发汇总表'!E:S,7,FALSE) -> 运营·深耕/漏洞修复核验/数据一致性审批 | I72: ==VLOOKUP(E72,'2025期功能研发汇总表'!E:S,8,FALSE) -> 启动按钮 | J72: ==VLOOKUP(E72,'2025期功能研发汇总表'!E:S,9,FALSE) -> 0 | K72: ==VLOOKUP(E72,'2025期功能研发汇总表'!E:S,3,FALSE) -> 蔡云飞
E73: 数据一致性审批结果收集 | F73: ==VLOOKUP(E73,'2025期功能研发汇总表'!E:S,10,FALSE) -> V3.7.0(20260312) | G73: 已部署 | H73: ==VLOOKUP(E73,'2025期功能研发汇总表'!E:S,7,FALSE) -> 运营·深耕/漏洞修复核验/数据一致性审批 | I73: ==VLOOKUP(E73,'2025期功能研发汇总表'!E:S,8,FALSE) -> 审批结果查询按钮 | J73: ==VLOOKUP(E73,'2025期功能研发汇总表'!E:S,9,FALSE) -> 0 | K73: ==VLOOKUP(E73,'2025期功能研发汇总表'!E:S,3,FALSE) -> 蔡云飞
B74: 漏洞概念验证全生命周期管理 | C74: 漏洞概念验证插件配置管理 | D74: 插件本地管理 | E74: 保存新增的POC插件 | F74: ==VLOOKUP(E74,'2025期功能研发汇总表'!E:S,10,FALSE) -> V3.7.0(20260312) | G74: 已部署 | H74: ==VLOOKUP(E74,'2025期功能研发汇总表'!E:S,7,FALSE) -> 运营·深耕/漏洞概念验证/插件本地管理 | I74: ==VLOOKUP(E74,'2025期功能研发汇总表'!E:S,8,FALSE) -> 新增按钮 | J74: ==VLOOKUP(E74,'2025期功能研发汇总表'!E:S,9,FALSE) -> 0 | K74: ==VLOOKUP(E74,'2025期功能研发汇总表'!E:S,3,FALSE) -> 张明峰
E75: 新增的概念验证插件提交功能 | F75: ==VLOOKUP(E75,'2025期功能研发汇总表'!E:S,10,FALSE) -> V3.7.0(20260312) | G75: 已部署 | H75: ==VLOOKUP(E75,'2025期功能研发汇总表'!E:S,7,FALSE) -> 运营·深耕/漏洞概念验证/插件本地管理 | I75: ==VLOOKUP(E75,'2025期功能研发汇总表'!E:S,8,FALSE) -> 列表数据提交审核 | J75: ==VLOOKUP(E75,'2025期功能研发汇总表'!E:S,9,FALSE) -> 0 | K75: ==VLOOKUP(E75,'2025期功能研发汇总表'!E:S,3,FALSE) -> 张明峰
E76: 提交新增的POC插件 | F76: ==VLOOKUP(E76,'2025期功能研发汇总表'!E:S,10,FALSE) -> V3.7.0(20260312) | G76: 已部署 | H76: ==VLOOKUP(E76,'2025期功能研发汇总表'!E:S,7,FALSE) -> 运营·深耕/漏洞概念验证/插件本地管理 | I76: ==VLOOKUP(E76,'2025期功能研发汇总表'!E:S,8,FALSE) -> 列表数据提交审核 | J76: ==VLOOKUP(E76,'2025期功能研发汇总表'!E:S,9,FALSE) -> 0 | K76: ==VLOOKUP(E76,'2025期功能研发汇总表'!E:S,3,FALSE) -> 张明峰
E77: 上传POC插件文件到服务器 | F77: ==VLOOKUP(E77,'2025期功能研发汇总表'!E:S,10,FALSE) -> V3.7.0(20260312) | G77: 已发布 | H77: ==VLOOKUP(E77,'2025期功能研发汇总表'!E:S,7,FALSE) -> 运营·深耕/漏洞概念验证/插件本地管理 | I77: ==VLOOKUP(E77,'2025期功能研发汇总表'!E:S,8,FALSE) -> 上传文件 | J77: ==VLOOKUP(E77,'2025期功能研发汇总表'!E:S,9,FALSE) -> 0 | K77: ==VLOOKUP(E77,'2025期功能研发汇总表'!E:S,3,FALSE) -> 张明峰
E78: 编辑未审核的POC插件 | F78: ==VLOOKUP(E78,'2025期功能研发汇总表'!E:S,10,FALSE) -> V3.7.0(20260312) | G78: 已发布 | H78: ==VLOOKUP(E78,'2025期功能研发汇总表'!E:S,7,FALSE) -> 运营·深耕/漏洞概念验证/插件本地管理 | I78: ==VLOOKUP(E78,'2025期功能研发汇总表'!E:S,8,FALSE) -> 列表数据编辑按钮 | J78: ==VLOOKUP(E78,'2025期功能研发汇总表'!E:S,9,FALSE) -> 0 | K78: ==VLOOKUP(E78,'2025期功能研发汇总表'!E:S,3,FALSE) -> 张明峰
E79: 查看未审核的POC插件关联漏洞信息 | F79: ==VLOOKUP(E79,'2025期功能研发汇总表'!E:S,10,FALSE) -> V3.7.0(20260312) | G79: 已发布 | H79: ==VLOOKUP(E79,'2025期功能研发汇总表'!E:S,7,FALSE) -> 运营·深耕/漏洞概念验证/插件本地管理 | I79: ==VLOOKUP(E79,'2025期功能研发汇总表'!E:S,8,FALSE) -> 点击列表数据漏洞ID弹窗 | J79: ==VLOOKUP(E79,'2025期功能研发汇总表'!E:S,9,FALSE) -> 0 | K79: ==VLOOKUP(E79,'2025期功能研发汇总表'!E:S,3,FALSE) -> 张明峰
E80: 查看POC插件的的生命周期记录 | F80: ==VLOOKUP(E80,'2025期功能研发汇总表'!E:S,10,FALSE) -> V3.7.0(20260312) | G80: 已发布 | H80: ==VLOOKUP(E80,'2025期功能研发汇总表'!E:S,7,FALSE) -> 运营·深耕/漏洞概念验证/插件本地管理 | I80: ==VLOOKUP(E80,'2025期功能研发汇总表'!E:S,8,FALSE) -> 点击列表数据查看按钮 | J80: ==VLOOKUP(E80,'2025期功能研发汇总表'!E:S,9,FALSE) -> 0 | K80: ==VLOOKUP(E80,'2025期功能研发汇总表'!E:S,3,FALSE) -> 张明峰
E81: 校验POC插件数据完整性 | F81: ==VLOOKUP(E81,'2025期功能研发汇总表'!E:S,10,FALSE) -> V3.7.0(20260312) | G81: 已发布 | H81: ==VLOOKUP(E81,'2025期功能研发汇总表'!E:S,7,FALSE) -> 运营·深耕/漏洞概念验证/插件本地管理 | I81: ==VLOOKUP(E81,'2025期功能研发汇总表'!E:S,8,FALSE) -> 列表数据校验按钮 | J81: ==VLOOKUP(E81,'2025期功能研发汇总表'!E:S,9,FALSE) -> 0 | K81: ==VLOOKUP(E81,'2025期功能研发汇总表'!E:S,3,FALSE) -> 张明峰
E82: 下载POC插件数据到本地 | F82: ==VLOOKUP(E82,'2025期功能研发汇总表'!E:S,10,FALSE) -> V3.7.0(20260312) | G82: 已发布 | H82: ==VLOOKUP(E82,'2025期功能研发汇总表'!E:S,7,FALSE) -> 运营·深耕/漏洞概念验证/插件本地管理 | I82: ==VLOOKUP(E82,'2025期功能研发汇总表'!E:S,8,FALSE) -> 选中数据导出选中、行数据下载 | J82: ==VLOOKUP(E82,'2025期功能研发汇总表'!E:S,9,FALSE) -> 0 | K82: ==VLOOKUP(E82,'2025期功能研发汇总表'!E:S,3,FALSE) -> 张明峰
E83: 删除POC插件数据 | F83: ==VLOOKUP(E83,'2025期功能研发汇总表'!E:S,10,FALSE) -> V3.7.0(20260312) | G83: 已发布 | H83: ==VLOOKUP(E83,'2025期功能研发汇总表'!E:S,7,FALSE) -> 运营·深耕/漏洞概念验证/插件本地管理 | I83: ==VLOOKUP(E83,'2025期功能研发汇总表'!E:S,8,FALSE) -> 列表数据删除按钮 | J83: ==VLOOKUP(E83,'2025期功能研发汇总表'!E:S,9,FALSE) -> 0 | K83: ==VLOOKUP(E83,'2025期功能研发汇总表'!E:S,3,FALSE) -> 张明峰
D84: 插件参数设置 | E84: 新增插件模板信息 | F84: ==VLOOKUP(E84,'2025期功能研发汇总表'!E:S,10,FALSE) -> V3.7.0(20260312) | G84: 已发布 | H84: ==VLOOKUP(E84,'2025期功能研发汇总表'!E:S,7,FALSE) -> 运营·深耕/漏洞概念验证/插件参数设置 | I84: ==VLOOKUP(E84,'2025期功能研发汇总表'!E:S,8,FALSE) -> 新建模板 | J84: ==VLOOKUP(E84,'2025期功能研发汇总表'!E:S,9,FALSE) -> 0 | K84: ==VLOOKUP(E84,'2025期功能研发汇总表'!E:S,3,FALSE) -> 张明峰
E85: 修改插件模板信息 | F85: ==VLOOKUP(E85,'2025期功能研发汇总表'!E:S,10,FALSE) -> V3.7.0(20260312) | G85: 已发布 | H85: ==VLOOKUP(E85,'2025期功能研发汇总表'!E:S,7,FALSE) -> 运营·深耕/漏洞概念验证/插件参数设置 | I85: ==VLOOKUP(E85,'2025期功能研发汇总表'!E:S,8,FALSE) -> 编辑按钮 | J85: ==VLOOKUP(E85,'2025期功能研发汇总表'!E:S,9,FALSE) -> 0 | K85: ==VLOOKUP(E85,'2025期功能研发汇总表'!E:S,3,FALSE) -> 张明峰
E86: 下载插件模板信息 | F86: ==VLOOKUP(E86,'2025期功能研发汇总表'!E:S,10,FALSE) -> V3.7.0(20260312) | G86: 已发布 | H86: ==VLOOKUP(E86,'2025期功能研发汇总表'!E:S,7,FALSE) -> 运营·深耕/漏洞概念验证/插件参数设置 | I86: ==VLOOKUP(E86,'2025期功能研发汇总表'!E:S,8,FALSE) -> 选中数据导出选中、行数据下载 | J86: ==VLOOKUP(E86,'2025期功能研发汇总表'!E:S,9,FALSE) -> 0 | K86: ==VLOOKUP(E86,'2025期功能研发汇总表'!E:S,3,FALSE) -> 张明峰
D87: 插件版本控制 | E87: 标记过时插件模板 | F87: ==VLOOKUP(E87,'2025期功能研发汇总表'!E:S,10,FALSE) -> V3.7.0(20260312) | G87: 已发布 | H87: ==VLOOKUP(E87,'2025期功能研发汇总表'!E:S,7,FALSE) -> 运营·深耕/漏洞概念验证/插件版本控制 | I87: ==VLOOKUP(E87,'2025期功能研发汇总表'!E:S,8,FALSE) -> 标记过时按钮 | J87: ==VLOOKUP(E87,'2025期功能研发汇总表'!E:S,9,FALSE) -> 0 | K87: ==VLOOKUP(E87,'2025期功能研发汇总表'!E:S,3,FALSE) -> 张明峰
E88: 删除过时插件模板 | F88: ==VLOOKUP(E88,'2025期功能研发汇总表'!E:S,10,FALSE) -> V3.7.0(20260312) | G88: 已发布 | H88: ==VLOOKUP(E88,'2025期功能研发汇总表'!E:S,7,FALSE) -> 运营·深耕/漏洞概念验证/插件版本控制 | I88: ==VLOOKUP(E88,'2025期功能研发汇总表'!E:S,8,FALSE) -> 删除按钮 | J88: ==VLOOKUP(E88,'2025期功能研发汇总表'!E:S,9,FALSE) -> 0 | K88: ==VLOOKUP(E88,'2025期功能研发汇总表'!E:S,3,FALSE) -> 张明峰
D89: 插件验证与审核 | E89: 查看插件信息及其关联漏洞信息 | F89: ==VLOOKUP(E89,'2025期功能研发汇总表'!E:S,10,FALSE) -> V3.7.0(20260312) | G89: 已发布 | H89: ==VLOOKUP(E89,'2025期功能研发汇总表'!E:S,7,FALSE) -> 运营·深耕/漏洞概念验证/插件本地管理 | I89: ==VLOOKUP(E89,'2025期功能研发汇总表'!E:S,8,FALSE) -> 点击列表数据漏洞ID | J89: ==VLOOKUP(E89,'2025期功能研发汇总表'!E:S,9,FALSE) -> 0 | K89: ==VLOOKUP(E89,'2025期功能研发汇总表'!E:S,3,FALSE) -> 张明峰
E90: 人工线下初步验证插件 | F90: ==VLOOKUP(E90,'2025期功能研发汇总表'!E:S,10,FALSE) -> 已废弃 | H90: ==VLOOKUP(E90,'2025期功能研发汇总表'!E:S,7,FALSE) -> 0 | I90: ==VLOOKUP(E90,'2025期功能研发汇总表'!E:S,8,FALSE) -> 0 | J90: ==VLOOKUP(E90,'2025期功能研发汇总表'!E:S,9,FALSE) -> 0 | K90: ==VLOOKUP(E90,'2025期功能研发汇总表'!E:S,3,FALSE) -> 张明峰
E91: 插件基础安全性 | F91: ==VLOOKUP(E91,'2025期功能研发汇总表'!E:S,10,FALSE) -> 未发版 | H91: ==VLOOKUP(E91,'2025期功能研发汇总表'!E:S,7,FALSE) -> 运营·深耕/漏洞概念验证/插件验证与审核 | I91: ==VLOOKUP(E91,'2025期功能研发汇总表'!E:S,8,FALSE) -> 点击"安全检测"按钮打开界面操作 | J91: ==VLOOKUP(E91,'2025期功能研发汇总表'!E:S,9,FALSE) -> 0 | K91: ==VLOOKUP(E91,'2025期功能研发汇总表'!E:S,3,FALSE) -> 张明峰
E92: 人工线下验证插件基础安全性 | F92: ==VLOOKUP(E92,'2025期功能研发汇总表'!E:S,10,FALSE) -> 已废弃 | H92: ==VLOOKUP(E92,'2025期功能研发汇总表'!E:S,7,FALSE) -> 运营·深耕/漏洞概念验证/插件验证与审核 | I92: ==VLOOKUP(E92,'2025期功能研发汇总表'!E:S,8,FALSE) -> 0 | J92: ==VLOOKUP(E92,'2025期功能研发汇总表'!E:S,9,FALSE) -> 0 | K92: ==VLOOKUP(E92,'2025期功能研发汇总表'!E:S,3,FALSE) -> 张明峰
E93: 提交到部侧漏管平台审核 | F93: ==VLOOKUP(E93,'2025期功能研发汇总表'!E:S,10,FALSE) -> V3.7.0(20260312) | G93: 已发布 | H93: ==VLOOKUP(E93,'2025期功能研发汇总表'!E:S,7,FALSE) -> 运营·深耕/漏洞概念验证/插件验证与审核 | I93: ==VLOOKUP(E93,'2025期功能研发汇总表'!E:S,8,FALSE) -> 点击"提交审核"按钮打开界面操作 | J93: ==VLOOKUP(E93,'2025期功能研发汇总表'!E:S,9,FALSE) -> 0 | K93: ==VLOOKUP(E93,'2025期功能研发汇总表'!E:S,3,FALSE) -> 张明峰
E94: 插件等级评定 | F94: ==VLOOKUP(E94,'2025期功能研发汇总表'!E:S,10,FALSE) -> 未发版 | H94: ==VLOOKUP(E94,'2025期功能研发汇总表'!E:S,7,FALSE) -> 运营·深耕/漏洞概念验证/插件验证与审核 | I94: ==VLOOKUP(E94,'2025期功能研发汇总表'!E:S,8,FALSE) -> 点击"等级评定"按钮打开界面操作 | J94: ==VLOOKUP(E94,'2025期功能研发汇总表'!E:S,9,FALSE) -> 0 | K94: ==VLOOKUP(E94,'2025期功能研发汇总表'!E:S,3,FALSE) -> 张明峰
E95: 综合判定插件状态 | F95: ==VLOOKUP(E95,'2025期功能研发汇总表'!E:S,10,FALSE) -> 未发版 | H95: ==VLOOKUP(E95,'2025期功能研发汇总表'!E:S,7,FALSE) -> 运营·深耕/漏洞概念验证/插件验证与审核 | I95: ==VLOOKUP(E95,'2025期功能研发汇总表'!E:S,8,FALSE) -> 点击"状态判定"按钮打开界面操作 | J95: ==VLOOKUP(E95,'2025期功能研发汇总表'!E:S,9,FALSE) -> 0 | K95: ==VLOOKUP(E95,'2025期功能研发汇总表'!E:S,3,FALSE) -> 张明峰
E96: 部侧调用企业测接口同步审核结果 | F96: ==VLOOKUP(E96,'2025期功能研发汇总表'!E:S,10,FALSE) -> 未发版 | H96: ==VLOOKUP(E96,'2025期功能研发汇总表'!E:S,7,FALSE) -> 运营·深耕/漏洞概念验证/插件验证与审核 | I96: ==VLOOKUP(E96,'2025期功能研发汇总表'!E:S,8,FALSE) -> 点击"同步结果"按钮打开界面操作 | J96: ==VLOOKUP(E96,'2025期功能研发汇总表'!E:S,9,FALSE) -> 0 | K96: ==VLOOKUP(E96,'2025期功能研发汇总表'!E:S,3,FALSE) -> 张明峰
E97: 已审核插件匹配本地漏洞 | F97: ==VLOOKUP(E97,'2025期功能研发汇总表'!E:S,10,FALSE) -> 已废弃 | H97: ==VLOOKUP(E97,'2025期功能研发汇总表'!E:S,7,FALSE) -> 运营·深耕/漏洞概念验证/插件验证与审核 | I97: ==VLOOKUP(E97,'2025期功能研发汇总表'!E:S,8,FALSE) -> 0 | J97: ==VLOOKUP(E97,'2025期功能研发汇总表'!E:S,9,FALSE) -> 0 | K97: ==VLOOKUP(E97,'2025期功能研发汇总表'!E:S,3,FALSE) -> 张明峰
D98: POC插件运行管理 | E98: 本地引擎离线导入插件 | F98: ==VLOOKUP(E98,'2025期功能研发汇总表'!E:S,10,FALSE) -> V3.7.0(20260312) | G98: 已发布 | H98: ==VLOOKUP(E98,'2025期功能研发汇总表'!E:S,7,FALSE) -> 运营·深耕/漏洞概念验证/POC插件运行管理 | I98: ==VLOOKUP(E98,'2025期功能研发汇总表'!E:S,8,FALSE) -> 0 | J98: ==VLOOKUP(E98,'2025期功能研发汇总表'!E:S,9,FALSE) -> 0 | K98: ==VLOOKUP(E98,'2025期功能研发汇总表'!E:S,3,FALSE) -> 张明峰
E99: 输入输出数据参数管理 | F99: ==VLOOKUP(E99,'2025期功能研发汇总表'!E:S,10,FALSE) -> V3.7.0(20260312) | G99: 已发布 | H99: ==VLOOKUP(E99,'2025期功能研发汇总表'!E:S,7,FALSE) -> 运营·深耕/漏洞概念验证/POC插件运行管理 | I99: ==VLOOKUP(E99,'2025期功能研发汇总表'!E:S,8,FALSE) -> 0 | J99: ==VLOOKUP(E99,'2025期功能研发汇总表'!E:S,9,FALSE) -> 0 | K99: ==VLOOKUP(E99,'2025期功能研发汇总表'!E:S,3,FALSE) -> 张明峰
E100: 用户提交POC任务 | F100: ==VLOOKUP(E100,'2025期功能研发汇总表'!E:S,10,FALSE) -> V3.7.0(20260312) | G100: 已发布 | H100: ==VLOOKUP(E100,'2025期功能研发汇总表'!E:S,7,FALSE) -> 运营·深耕/漏洞概念验证/POC插件运行管理 | I100: ==VLOOKUP(E100,'2025期功能研发汇总表'!E:S,8,FALSE) -> 0 | J100: ==VLOOKUP(E100,'2025期功能研发汇总表'!E:S,9,FALSE) -> 0 | K100: ==VLOOKUP(E100,'2025期功能研发汇总表'!E:S,3,FALSE) -> 张明峰
...

Sheet 天津功能清单
A1: 客户需求 | B1: 一级模块 | C1: 二级模块 | D1: 三级模块 | E1: 功能过程 | F1: 版本标识 | G1: 交付情况 | H1: 菜单/路径(完成必填) | I1: 功能操作 | J1: 界面截图 | K1: 备注
A2: 中国移动天津公司2025年漏洞管理平台提升改造项目 | B2: 安全风险识别与利用分析 | C2: CPE库管理 | D2: CPE文档基础管理 | E2: CPE文档查询 | F2: ==VLOOKUP(E2,'2025期功能研发汇总表'!E:S,10,FALSE) -> V3.8.0-beat.1 | G2: 已交付 | H2: ==VLOOKUP(E2,'2025期功能研发汇总表'!E:S,7,FALSE) -> 漏洞生命周期管理/产品漏洞管理/CPE文档管理 | I2: ==VLOOKUP(E2,'2025期功能研发汇总表'!E:S,8,FALSE) -> 查询按钮 | J2: ==VLOOKUP(E2,'2025期功能研发汇总表'!E:S,9,FALSE) -> 0 | K2: ==VLOOKUP(E2,'2025期功能研发汇总表'!E:S,3,FALSE) -> 蔡云飞
E3: CPE文档创建 | F3: ==VLOOKUP(E3,'2025期功能研发汇总表'!E:S,10,FALSE) -> V3.7.0(20260312) | G3: 已发布 | H3: ==VLOOKUP(E3,'2025期功能研发汇总表'!E:S,7,FALSE) -> 漏洞生命周期管理/产品漏洞管理/CPE文档管理 | I3: ==VLOOKUP(E3,'2025期功能研发汇总表'!E:S,8,FALSE) -> 创建按钮 | J3: ==VLOOKUP(E3,'2025期功能研发汇总表'!E:S,9,FALSE) -> 0 | K3: ==VLOOKUP(E3,'2025期功能研发汇总表'!E:S,3,FALSE) -> 蔡云飞
E4: CPE文档编辑 | F4: ==VLOOKUP(E4,'2025期功能研发汇总表'!E:S,10,FALSE) -> V3.7.0(20260312) | G4: 已发布 | H4: ==VLOOKUP(E4,'2025期功能研发汇总表'!E:S,7,FALSE) -> 漏洞生命周期管理/产品漏洞管理/CPE文档管理 | I4: ==VLOOKUP(E4,'2025期功能研发汇总表'!E:S,8,FALSE) -> 编辑按钮 | J4: ==VLOOKUP(E4,'2025期功能研发汇总表'!E:S,9,FALSE) -> 0 | K4: ==VLOOKUP(E4,'2025期功能研发汇总表'!E:S,3,FALSE) -> 蔡云飞
E5: CPE文档删除 | F5: ==VLOOKUP(E5,'2025期功能研发汇总表'!E:S,10,FALSE) -> V3.7.0(20260312) | G5: 已发布 | H5: ==VLOOKUP(E5,'2025期功能研发汇总表'!E:S,7,FALSE) -> 漏洞生命周期管理/产品漏洞管理/CPE文档管理 | I5: ==VLOOKUP(E5,'2025期功能研发汇总表'!E:S,8,FALSE) -> 删除按钮 | J5: ==VLOOKUP(E5,'2025期功能研发汇总表'!E:S,9,FALSE) -> 0 | K5: ==VLOOKUP(E5,'2025期功能研发汇总表'!E:S,3,FALSE) -> 蔡云飞
E6: CPE文档导入 | F6: ==VLOOKUP(E6,'2025期功能研发汇总表'!E:S,10,FALSE) -> V3.7.0(20260312) | G6: 已发布 | H6: ==VLOOKUP(E6,'2025期功能研发汇总表'!E:S,7,FALSE) -> 漏洞生命周期管理/产品漏洞管理/CPE文档管理 | I6: ==VLOOKUP(E6,'2025期功能研发汇总表'!E:S,8,FALSE) -> 导入按钮 | J6: ==VLOOKUP(E6,'2025期功能研发汇总表'!E:S,9,FALSE) -> 0 | K6: ==VLOOKUP(E6,'2025期功能研发汇总表'!E:S,3,FALSE) -> 蔡云飞
E7: CPE文档导出 | F7: ==VLOOKUP(E7,'2025期功能研发汇总表'!E:S,10,FALSE) -> V3.7.0(20260312) | G7: 已发布 | H7: ==VLOOKUP(E7,'2025期功能研发汇总表'!E:S,7,FALSE) -> 漏洞生命周期管理/产品漏洞管理/CPE文档管理 | I7: ==VLOOKUP(E7,'2025期功能研发汇总表'!E:S,8,FALSE) -> 导出按钮 | J7: ==VLOOKUP(E7,'2025期功能研发汇总表'!E:S,9,FALSE) -> 0 | K7: ==VLOOKUP(E7,'2025期功能研发汇总表'!E:S,3,FALSE) -> 蔡云飞
D8: CPE数据标准化校验 | E8: CPE数据格式校验 | F8: ==VLOOKUP(E8,'2025期功能研发汇总表'!E:S,10,FALSE) -> V3.7.0(20260312) | G8: 已发布 | H8: ==VLOOKUP(E8,'2025期功能研发汇总表'!E:S,7,FALSE) -> 漏洞生命周期管理/产品漏洞管理/CPE文档管理 | I8: ==VLOOKUP(E8,'2025期功能研发汇总表'!E:S,8,FALSE) -> 程序内部自动执行 | J8: ==VLOOKUP(E8,'2025期功能研发汇总表'!E:S,9,FALSE) -> 0 | K8: ==VLOOKUP(E8,'2025期功能研发汇总表'!E:S,3,FALSE) -> 蔡云飞
C9: VEX文档管理 | D9: VEX文档全生命周期管理 | E9: CISA VEX文档下载 | F9: ==VLOOKUP(E9,'2025期功能研发汇总表'!E:S,10,FALSE) -> #N/A | G9: 已发布 | H9: ==VLOOKUP(E9,'2025期功能研发汇总表'!E:S,7,FALSE) -> #N/A | I9: ==VLOOKUP(E9,'2025期功能研发汇总表'!E:S,8,FALSE) -> #N/A | J9: ==VLOOKUP(E9,'2025期功能研发汇总表'!E:S,9,FALSE) -> #N/A | K9: ==VLOOKUP(E9,'2025期功能研发汇总表'!E:S,3,FALSE) -> #N/A
E10: CISA VEX文档创建 | F10: ==VLOOKUP(E10,'2025期功能研发汇总表'!E:S,10,FALSE) -> V3.8.0-beat.1 | G10: 已发布 | H10: ==VLOOKUP(E10,'2025期功能研发汇总表'!E:S,7,FALSE) -> 运营·深耕/产品漏洞与风险识别/VEX生命周期管理 | I10: ==VLOOKUP(E10,'2025期功能研发汇总表'!E:S,8,FALSE) -> 新增按钮 | J10: ==VLOOKUP(E10,'2025期功能研发汇总表'!E:S,9,FALSE) -> 0 | K10: ==VLOOKUP(E10,'2025期功能研发汇总表'!E:S,3,FALSE) -> 蔡云飞
E11: CISA VEX文档删除 | F11: ==VLOOKUP(E11,'2025期功能研发汇总表'!E:S,10,FALSE) -> V3.8.0-beat.1 | G11: 已发布 | H11: ==VLOOKUP(E11,'2025期功能研发汇总表'!E:S,7,FALSE) -> 运营·深耕/产品漏洞与风险识别/VEX生命周期管理 | I11: ==VLOOKUP(E11,'2025期功能研发汇总表'!E:S,8,FALSE) -> 删除按钮 | J11: ==VLOOKUP(E11,'2025期功能研发汇总表'!E:S,9,FALSE) -> 0 | K11: ==VLOOKUP(E11,'2025期功能研发汇总表'!E:S,3,FALSE) -> 蔡云飞
E12: CISA VEX文档导入 | F12: ==VLOOKUP(E12,'2025期功能研发汇总表'!E:S,10,FALSE) -> V3.8.0-beat.1 | G12: 已发布 | H12: ==VLOOKUP(E12,'2025期功能研发汇总表'!E:S,7,FALSE) -> 运营·深耕/产品漏洞与风险识别/VEX生命周期管理 | I12: ==VLOOKUP(E12,'2025期功能研发汇总表'!E:S,8,FALSE) -> 导入按钮 | J12: ==VLOOKUP(E12,'2025期功能研发汇总表'!E:S,9,FALSE) -> 0 | K12: ==VLOOKUP(E12,'2025期功能研发汇总表'!E:S,3,FALSE) -> 蔡云飞
E13: CISA VEX文档导出 | F13: ==VLOOKUP(E13,'2025期功能研发汇总表'!E:S,10,FALSE) -> V3.8.0-beat.1 | G13: 已发布 | H13: ==VLOOKUP(E13,'2025期功能研发汇总表'!E:S,7,FALSE) -> 运营·深耕/产品漏洞与风险识别/VEX生命周期管理 | I13: ==VLOOKUP(E13,'2025期功能研发汇总表'!E:S,8,FALSE) -> 导出按钮 | J13: ==VLOOKUP(E13,'2025期功能研发汇总表'!E:S,9,FALSE) -> 0 | K13: ==VLOOKUP(E13,'2025期功能研发汇总表'!E:S,3,FALSE) -> 蔡云飞
E14: CISA VEX文档查看 | F14: ==VLOOKUP(E14,'2025期功能研发汇总表'!E:S,10,FALSE) -> V3.8.0-beat.1 | G14: 已发布 | H14: ==VLOOKUP(E14,'2025期功能研发汇总表'!E:S,7,FALSE) -> 运营·深耕/产品漏洞与风险识别/VEX生命周期管理 | I14: ==VLOOKUP(E14,'2025期功能研发汇总表'!E:S,8,FALSE) -> 查询按钮 | J14: ==VLOOKUP(E14,'2025期功能研发汇总表'!E:S,9,FALSE) -> 0 | K14: ==VLOOKUP(E14,'2025期功能研发汇总表'!E:S,3,FALSE) -> 蔡云飞
E15: CISA VEX文档编辑 | F15: ==VLOOKUP(E15,'2025期功能研发汇总表'!E:S,10,FALSE) -> V3.8.0-beat.1 | G15: 已发布 | H15: ==VLOOKUP(E15,'2025期功能研发汇总表'!E:S,7,FALSE) -> 运营·深耕/产品漏洞与风险识别/VEX生命周期管理 | I15: ==VLOOKUP(E15,'2025期功能研发汇总表'!E:S,8,FALSE) -> 修改按钮 | J15: ==VLOOKUP(E15,'2025期功能研发汇总表'!E:S,9,FALSE) -> 0 | K15: ==VLOOKUP(E15,'2025期功能研发汇总表'!E:S,3,FALSE) -> 蔡云飞
E16: CISA单个VEX文档关联产品 | F16: ==VLOOKUP(E16,'2025期功能研发汇总表'!E:S,10,FALSE) -> V3.8.0-beat.1 | G16: 已发布 | H16: ==VLOOKUP(E16,'2025期功能研发汇总表'!E:S,7,FALSE) -> 运营·深耕/产品漏洞与风险识别/VEX生命周期管理 | I16: ==VLOOKUP(E16,'2025期功能研发汇总表'!E:S,8,FALSE) -> 列表关联查询展示 | J16: ==VLOOKUP(E16,'2025期功能研发汇总表'!E:S,9,FALSE) -> 0 | K16: ==VLOOKUP(E16,'2025期功能研发汇总表'!E:S,3,FALSE) -> 蔡云飞
D17: VEX文档解析展示 | E17: 修改基础模板 | F17: ==VLOOKUP(E17,'2025期功能研发汇总表'!E:S,10,FALSE) -> V3.7.0(20260312) | G17: 已发布 | H17: ==VLOOKUP(E17,'2025期功能研发汇总表'!E:S,7,FALSE) -> 运营·深耕/产品漏洞与风险识别/VEX文档解析管理 | I17: ==VLOOKUP(E17,'2025期功能研发汇总表'!E:S,8,FALSE) -> 修改按钮 | J17: ==VLOOKUP(E17,'2025期功能研发汇总表'!E:S,9,FALSE) -> 0 | K17: ==VLOOKUP(E17,'2025期功能研发汇总表'!E:S,3,FALSE) -> 蔡云飞
E18: 删除基础模板 | F18: ==VLOOKUP(E18,'2025期功能研发汇总表'!E:S,10,FALSE) -> V3.7.0(20260312) | G18: 已发布 | H18: ==VLOOKUP(E18,'2025期功能研发汇总表'!E:S,7,FALSE) -> 运营·深耕/产品漏洞与风险识别/VEX文档解析管理 | I18: ==VLOOKUP(E18,'2025期功能研发汇总表'!E:S,8,FALSE) -> 删除按钮 | J18: ==VLOOKUP(E18,'2025期功能研发汇总表'!E:S,9,FALSE) -> 0 | K18: ==VLOOKUP(E18,'2025期功能研发汇总表'!E:S,3,FALSE) -> 蔡云飞
E19: 导入基础模板 | F19: ==VLOOKUP(E19,'2025期功能研发汇总表'!E:S,10,FALSE) -> V3.7.0(20260312) | G19: 已发布 | H19: ==VLOOKUP(E19,'2025期功能研发汇总表'!E:S,7,FALSE) -> 运营·深耕/产品漏洞与风险识别/VEX文档解析管理 | I19: ==VLOOKUP(E19,'2025期功能研发汇总表'!E:S,8,FALSE) -> 导入按钮 | J19: ==VLOOKUP(E19,'2025期功能研发汇总表'!E:S,9,FALSE) -> 0 | K19: ==VLOOKUP(E19,'2025期功能研发汇总表'!E:S,3,FALSE) -> 蔡云飞
E20: 导出基础模板 | F20: ==VLOOKUP(E20,'2025期功能研发汇总表'!E:S,10,FALSE) -> V3.7.0(20260312) | G20: 已发布 | H20: ==VLOOKUP(E20,'2025期功能研发汇总表'!E:S,7,FALSE) -> 运营·深耕/产品漏洞与风险识别/VEX文档解析管理 | I20: ==VLOOKUP(E20,'2025期功能研发汇总表'!E:S,8,FALSE) -> 导出按钮 | J20: ==VLOOKUP(E20,'2025期功能研发汇总表'!E:S,9,FALSE) -> 0 | K20: ==VLOOKUP(E20,'2025期功能研发汇总表'!E:S,3,FALSE) -> 蔡云飞
E21: 查询基础模板 | F21: ==VLOOKUP(E21,'2025期功能研发汇总表'!E:S,10,FALSE) -> V3.7.0(20260312) | G21: 已发布 | H21: ==VLOOKUP(E21,'2025期功能研发汇总表'!E:S,7,FALSE) -> 运营·深耕/产品漏洞与风险识别/VEX文档解析管理 | I21: ==VLOOKUP(E21,'2025期功能研发汇总表'!E:S,8,FALSE) -> 查询按钮 | J21: ==VLOOKUP(E21,'2025期功能研发汇总表'!E:S,9,FALSE) -> 0 | K21: ==VLOOKUP(E21,'2025期功能研发汇总表'!E:S,3,FALSE) -> 蔡云飞
E22: 添加基础模板 | F22: ==VLOOKUP(E22,'2025期功能研发汇总表'!E:S,10,FALSE) -> V3.7.0(20260312) | G22: 已发布 | H22: ==VLOOKUP(E22,'2025期功能研发汇总表'!E:S,7,FALSE) -> 运营·深耕/产品漏洞与风险识别/VEX文档解析管理 | I22: ==VLOOKUP(E22,'2025期功能研发汇总表'!E:S,8,FALSE) -> 新增按钮 | J22: ==VLOOKUP(E22,'2025期功能研发汇总表'!E:S,9,FALSE) -> 0 | K22: ==VLOOKUP(E22,'2025期功能研发汇总表'!E:S,3,FALSE) -> 蔡云飞
D23: VEX合规性自动化检测 | E23: 问题文档拦截 | F23: ==VLOOKUP(E23,'2025期功能研发汇总表'!E:S,10,FALSE) -> V3.7.0(20260312) | G23: 已发布 | H23: ==VLOOKUP(E23,'2025期功能研发汇总表'!E:S,7,FALSE) -> 运营·深耕/产品漏洞与风险识别/VEX文档解析管理 | I23: ==VLOOKUP(E23,'2025期功能研发汇总表'!E:S,8,FALSE) -> 程序内部自动检测执行 | J23: ==VLOOKUP(E23,'2025期功能研发汇总表'!E:S,9,FALSE) -> 0 | K23: ==VLOOKUP(E23,'2025期功能研发汇总表'!E:S,3,FALSE) -> 蔡云飞
C24: 风险组件库管理 | D24: 已知风险资产组件管理 | E24: 已知风险资产组件查询 | F24: ==VLOOKUP(E24,'2025期功能研发汇总表'!E:S,10,FALSE) -> V3.7.0(20260312) | G24: 已发布 | H24: ==VLOOKUP(E24,'2025期功能研发汇总表'!E:S,7,FALSE) -> 信息化资产管理/资产管理/已知风险资产组件管理 | I24: ==VLOOKUP(E24,'2025期功能研发汇总表'!E:S,8,FALSE) -> 查询按钮 | J24: ==VLOOKUP(E24,'2025期功能研发汇总表'!E:S,9,FALSE) -> 0 | K24: ==VLOOKUP(E24,'2025期功能研发汇总表'!E:S,3,FALSE) -> 蔡云飞
E25: 已知风险资产组件新增 | F25: ==VLOOKUP(E25,'2025期功能研发汇总表'!E:S,10,FALSE) -> V3.7.0(20260312) | G25: 已发布 | H25: ==VLOOKUP(E25,'2025期功能研发汇总表'!E:S,7,FALSE) -> 信息化资产管理/资产管理/已知风险资产组件管理 | I25: ==VLOOKUP(E25,'2025期功能研发汇总表'!E:S,8,FALSE) -> 新增按钮 | J25: ==VLOOKUP(E25,'2025期功能研发汇总表'!E:S,9,FALSE) -> 0 | K25: ==VLOOKUP(E25,'2025期功能研发汇总表'!E:S,3,FALSE) -> 蔡云飞
E26: 已知风险资产组件删除 | F26: ==VLOOKUP(E26,'2025期功能研发汇总表'!E:S,10,FALSE) -> V3.7.0(20260312) | G26: 已发布 | H26: ==VLOOKUP(E26,'2025期功能研发汇总表'!E:S,7,FALSE) -> 信息化资产管理/资产管理/已知风险资产组件管理 | I26: ==VLOOKUP(E26,'2025期功能研发汇总表'!E:S,8,FALSE) -> 删除按钮 | J26: ==VLOOKUP(E26,'2025期功能研发汇总表'!E:S,9,FALSE) -> 0 | K26: ==VLOOKUP(E26,'2025期功能研发汇总表'!E:S,3,FALSE) -> 蔡云飞
E27: 已知风险资产组件修改 | F27: ==VLOOKUP(E27,'2025期功能研发汇总表'!E:S,10,FALSE) -> V3.7.0(20260312) | G27: 已发布 | H27: ==VLOOKUP(E27,'2025期功能研发汇总表'!E:S,7,FALSE) -> 信息化资产管理/资产管理/已知风险资产组件管理 | I27: ==VLOOKUP(E27,'2025期功能研发汇总表'!E:S,8,FALSE) -> 修改按钮 | J27: ==VLOOKUP(E27,'2025期功能研发汇总表'!E:S,9,FALSE) -> 0 | K27: ==VLOOKUP(E27,'2025期功能研发汇总表'!E:S,3,FALSE) -> 蔡云飞
E28: 整理资产指纹、CPE库、VEX文档数据(查询) | F28: ==VLOOKUP(E28,'2025期功能研发汇总表'!E:S,10,FALSE) -> V3.8.0-beat.1 | G28: 已发布 | H28: ==VLOOKUP(E28,'2025期功能研发汇总表'!E:S,7,FALSE) -> 信息化资产管理/资产管理/已知风险资产组件管理 | I28: ==VLOOKUP(E28,'2025期功能研发汇总表'!E:S,8,FALSE) -> 查询按钮 | J28: ==VLOOKUP(E28,'2025期功能研发汇总表'!E:S,9,FALSE) -> 0 | K28: ==VLOOKUP(E28,'2025期功能研发汇总表'!E:S,3,FALSE) -> 蔡云飞
D29: 风险资产组件评分 | E29: 风险资产组件评分计算 | F29: ==VLOOKUP(E29,'2025期功能研发汇总表'!E:S,10,FALSE) -> V3.8.0-beat.1 | G29: 已发布 | H29: ==VLOOKUP(E29,'2025期功能研发汇总表'!E:S,7,FALSE) -> 信息化资产管理/资产管理/风险资产组件评分管理 | I29: ==VLOOKUP(E29,'2025期功能研发汇总表'!E:S,8,FALSE) -> 计算按钮 | J29: ==VLOOKUP(E29,'2025期功能研发汇总表'!E:S,9,FALSE) -> 0 | K29: ==VLOOKUP(E29,'2025期功能研发汇总表'!E:S,3,FALSE) -> 蔡云飞
E30: 风险资产组件评分手动调整 | F30: ==VLOOKUP(E30,'2025期功能研发汇总表'!E:S,10,FALSE) -> V3.8.0-beat.1 | G30: 已发布 | H30: ==VLOOKUP(E30,'2025期功能研发汇总表'!E:S,7,FALSE) -> 信息化资产管理/资产管理/风险资产组件评分管理 | I30: ==VLOOKUP(E30,'2025期功能研发汇总表'!E:S,8,FALSE) -> 修改按钮 | J30: ==VLOOKUP(E30,'2025期功能研发汇总表'!E:S,9,FALSE) -> 0 | K30: ==VLOOKUP(E30,'2025期功能研发汇总表'!E:S,3,FALSE) -> 蔡云飞
E31: 风险资产组件评分规则配置 | F31: ==VLOOKUP(E31,'2025期功能研发汇总表'!E:S,10,FALSE) -> V3.8.0-beat.1 | G31: 已发布 | H31: ==VLOOKUP(E31,'2025期功能研发汇总表'!E:S,7,FALSE) -> 信息化资产管理/资产管理/风险资产组件评分管理 | I31: ==VLOOKUP(E31,'2025期功能研发汇总表'!E:S,8,FALSE) -> 配置按钮 | J31: ==VLOOKUP(E31,'2025期功能研发汇总表'!E:S,9,FALSE) -> 0 | K31: ==VLOOKUP(E31,'2025期功能研发汇总表'!E:S,3,FALSE) -> 蔡云飞
C32: 弱口令字典库管理 | D32: 口令字典接收与同步 | E32: 接收口令字典 | F32: ==VLOOKUP(E32,'2025期功能研发汇总表'!E:S,10,FALSE) -> V3.7.0(20260312) | G32: 已发布 | H32: ==VLOOKUP(E32,'2025期功能研发汇总表'!E:S,7,FALSE) -> 漏洞管理平台/工单管理/系统漏洞工单 | I32: ==VLOOKUP(E32,'2025期功能研发汇总表'!E:S,8,FALSE) -> 弱口令的工单，可以同步至弱口令管理页面，以便同步至扫描器 | J32: ==VLOOKUP(E32,'2025期功能研发汇总表'!E:S,9,FALSE) -> ["https://docimg2.docs.qq.com/image/AgAABqoC77fz5Pb9rbxOuIl0OUEAcGGP.png?w=1674&h=774",400,184] | K32: ==VLOOKUP(E32,'2025期功能研发汇总表'!E:S,3,FALSE) -> 仲光华
E33: 同步口令字典 | F33: ==VLOOKUP(E33,'2025期功能研发汇总表'!E:S,10,FALSE) -> V3.7.0(20260312) | G33: 已发布 | H33: ==VLOOKUP(E33,'2025期功能研发汇总表'!E:S,7,FALSE) -> 运营·深耕/弱口令与扫描管理 | I33: ==VLOOKUP(E33,'2025期功能研发汇总表'!E:S,8,FALSE) -> 0 | J33: ==VLOOKUP(E33,'2025期功能研发汇总表'!E:S,9,FALSE) -> ["https://docimg9.docs.qq.com/image/AgAABqoC77d-6wotv31KcaXA51pk6VdU.png?w=1682&h=775",400,184] | K33: ==VLOOKUP(E33,'2025期功能研发汇总表'!E:S,3,FALSE) -> 仲光华
E34: 口令字典批量同步至扫描器 | F34: ==VLOOKUP(E34,'2025期功能研发汇总表'!E:S,10,FALSE) -> V3.7.0(20260312) | G34: 已发布 | H34: ==VLOOKUP(E34,'2025期功能研发汇总表'!E:S,7,FALSE) -> 运营·深耕/弱口令与扫描管理 | J34: ==VLOOKUP(E34,'2025期功能研发汇总表'!E:S,9,FALSE) -> ["https://docimg3.docs.qq.com/image/AgAABqoC77cyDwXFvH5ETJEQ9ZVOmE5m.png?w=1673&h=776",400,185] | K34: ==VLOOKUP(E34,'2025期功能研发汇总表'!E:S,3,FALSE) -> 仲光华
E35: 记录口令字典同步历史 | F35: ==VLOOKUP(E35,'2025期功能研发汇总表'!E:S,10,FALSE) -> V3.7.0(20260312) | G35: 已发布 | H35: ==VLOOKUP(E35,'2025期功能研发汇总表'!E:S,7,FALSE) -> 运营·深耕/弱口令与扫描管理 | J35: ==VLOOKUP(E35,'2025期功能研发汇总表'!E:S,9,FALSE) -> ["https://docimg7.docs.qq.com/image/AgAABqoC77fVx1ZoTwNCDrEnZykm3vRU.png?w=1666&h=773",400,185] | K35: ==VLOOKUP(E35,'2025期功能研发汇总表'!E:S,3,FALSE) -> 仲光华
E36: 查询口令字典同步历史 | F36: ==VLOOKUP(E36,'2025期功能研发汇总表'!E:S,10,FALSE) -> V3.7.0(20260312) | G36: 已发布 | H36: ==VLOOKUP(E36,'2025期功能研发汇总表'!E:S,7,FALSE) -> 运营·深耕/弱口令与扫描管理 | J36: ==VLOOKUP(E36,'2025期功能研发汇总表'!E:S,9,FALSE) -> 0 | K36: ==VLOOKUP(E36,'2025期功能研发汇总表'!E:S,3,FALSE) -> 仲光华
D37: 口令字典内容管理 | E37: 查询口令字典列表 | F37: ==VLOOKUP(E37,'2025期功能研发汇总表'!E:S,10,FALSE) -> V3.7.0(20260312) | G37: 已发布 | H37: ==VLOOKUP(E37,'2025期功能研发汇总表'!E:S,7,FALSE) -> 运营·深耕/弱口令与扫描管理/弱口令管理 | I37: ==VLOOKUP(E34,'2025期功能研发汇总表'!E:S,8,FALSE) -> 0 | J37: ==VLOOKUP(E37,'2025期功能研发汇总表'!E:S,9,FALSE) -> ["https://docimg9.docs.qq.com/image/AgAABqoC77dqA0KHtsJPcrj0qjGILR-F.png?w=1665&h=775",400,186] | K37: ==VLOOKUP(E37,'2025期功能研发汇总表'!E:S,3,FALSE) -> 仲光华
E38: 新增口令字典 | F38: ==VLOOKUP(E38,'2025期功能研发汇总表'!E:S,10,FALSE) -> V3.7.0(20260312) | G38: 已发布 | H38: ==VLOOKUP(E38,'2025期功能研发汇总表'!E:S,7,FALSE) -> 运营·深耕/弱口令与扫描管理/弱口令管理 | I38: ==VLOOKUP(E35,'2025期功能研发汇总表'!E:S,8,FALSE) -> 0 | J38: ==VLOOKUP(E38,'2025期功能研发汇总表'!E:S,9,FALSE) -> 0 | K38: ==VLOOKUP(E38,'2025期功能研发汇总表'!E:S,3,FALSE) -> 仲光华
E39: 修改口令字典 | F39: ==VLOOKUP(E39,'2025期功能研发汇总表'!E:S,10,FALSE) -> V3.7.0(20260312) | G39: 已发布 | H39: ==VLOOKUP(E39,'2025期功能研发汇总表'!E:S,7,FALSE) -> 运营·深耕/弱口令与扫描管理/弱口令管理 | I39: ==VLOOKUP(E36,'2025期功能研发汇总表'!E:S,8,FALSE) -> 0 | J39: ==VLOOKUP(E39,'2025期功能研发汇总表'!E:S,9,FALSE) -> 0 | K39: ==VLOOKUP(E39,'2025期功能研发汇总表'!E:S,3,FALSE) -> 仲光华
E40: 删除口令字典 | F40: ==VLOOKUP(E40,'2025期功能研发汇总表'!E:S,10,FALSE) -> V3.7.0(20260312) | G40: 已发布 | H40: ==VLOOKUP(E40,'2025期功能研发汇总表'!E:S,7,FALSE) -> 运营·深耕/弱口令与扫描管理/弱口令管理 | I40: ==VLOOKUP(E40,'2025期功能研发汇总表'!E:S,8,FALSE) -> 0 | J40: ==VLOOKUP(E40,'2025期功能研发汇总表'!E:S,9,FALSE) -> 0 | K40: ==VLOOKUP(E40,'2025期功能研发汇总表'!E:S,3,FALSE) -> 仲光华
E41: 批量删除口令字典 | F41: ==VLOOKUP(E41,'2025期功能研发汇总表'!E:S,10,FALSE) -> V3.7.0(20260312) | G41: 已发布 | H41: ==VLOOKUP(E41,'2025期功能研发汇总表'!E:S,7,FALSE) -> 运营·深耕/弱口令与扫描管理/弱口令管理 | I41: ==VLOOKUP(E41,'2025期功能研发汇总表'!E:S,8,FALSE) -> 0 | J41: ==VLOOKUP(E41,'2025期功能研发汇总表'!E:S,9,FALSE) -> 0 | K41: ==VLOOKUP(E41,'2025期功能研发汇总表'!E:S,3,FALSE) -> 仲光华
D42: 口令字典分类管理 | E42: 查询用户名口令字典 | F42: ==VLOOKUP(E42,'2025期功能研发汇总表'!E:S,10,FALSE) -> V3.7.0(20260312) | G42: 已发布 | H42: ==VLOOKUP(E42,'2025期功能研发汇总表'!E:S,7,FALSE) -> 运营·深耕/弱口令与扫描管理/弱口令管理 | I42: ==VLOOKUP(E42,'2025期功能研发汇总表'!E:S,8,FALSE) -> 0 | J42: ==VLOOKUP(E42,'2025期功能研发汇总表'!E:S,9,FALSE) -> ["https://docimg7.docs.qq.com/image/AgAABqoC77e2beZPR3tPzrZZCDsSamg2.png?w=1668&h=772",400,185] | K42: ==VLOOKUP(E42,'2025期功能研发汇总表'!E:S,3,FALSE) -> 仲光华
E43: 查询用户名密码字典 | F43: ==VLOOKUP(E43,'2025期功能研发汇总表'!E:S,10,FALSE) -> V3.7.0(20260312) | G43: 已发布 | H43: ==VLOOKUP(E43,'2025期功能研发汇总表'!E:S,7,FALSE) -> 运营·深耕/弱口令与扫描管理/弱口令管理 | I43: ==VLOOKUP(E43,'2025期功能研发汇总表'!E:S,8,FALSE) -> 0 | J43: ==VLOOKUP(E43,'2025期功能研发汇总表'!E:S,9,FALSE) -> 0 | K43: ==VLOOKUP(E43,'2025期功能研发汇总表'!E:S,3,FALSE) -> 仲光华
E44: 查询密码口令字典 | F44: ==VLOOKUP(E44,'2025期功能研发汇总表'!E:S,10,FALSE) -> V3.7.0(20260312) | G44: 已发布 | H44: ==VLOOKUP(E44,'2025期功能研发汇总表'!E:S,7,FALSE) -> 运营·深耕/弱口令与扫描管理/弱口令管理 | I44: ==VLOOKUP(E44,'2025期功能研发汇总表'!E:S,8,FALSE) -> 0 | J44: ==VLOOKUP(E44,'2025期功能研发汇总表'!E:S,9,FALSE) -> 0 | K44: ==VLOOKUP(E44,'2025期功能研发汇总表'!E:S,3,FALSE) -> 仲光华
D45: 口令字典导入导出 | E45: 口令字典导入 | F45: ==VLOOKUP(E45,'2025期功能研发汇总表'!E:S,10,FALSE) -> V3.7.0(20260312) | G45: 已发布 | H45: ==VLOOKUP(E45,'2025期功能研发汇总表'!E:S,7,FALSE) -> 运营·深耕/弱口令与扫描管理/弱口令管理 | I45: ==VLOOKUP(E45,'2025期功能研发汇总表'!E:S,8,FALSE) -> 0 | J45: ==VLOOKUP(E45,'2025期功能研发汇总表'!E:S,9,FALSE) -> ["https://docimg3.docs.qq.com/image/AgAABqoC77duJRvLKi5FSbwEOiCz_ZRW.png?w=1676&h=775",400,184] | K45: ==VLOOKUP(E45,'2025期功能研发汇总表'!E:S,3,FALSE) -> 仲光华
E46: 口令字典导出 | F46: ==VLOOKUP(E46,'2025期功能研发汇总表'!E:S,10,FALSE) -> V3.7.0(20260312) | G46: 已发布 | H46: ==VLOOKUP(E46,'2025期功能研发汇总表'!E:S,7,FALSE) -> 运营·深耕/弱口令与扫描管理/弱口令管理 | I46: ==VLOOKUP(E46,'2025期功能研发汇总表'!E:S,8,FALSE) -> 0 | J46: ==VLOOKUP(E46,'2025期功能研发汇总表'!E:S,9,FALSE) -> ["https://docimg10.docs.qq.com/image/AgAABqoC77douhPCY39Gwpwq3pVLLrcC.png?w=1668&h=772",400,185] | K46: ==VLOOKUP(E46,'2025期功能研发汇总表'!E:S,3,FALSE) -> 仲光华
E47: 口令字典批量导入 | F47: ==VLOOKUP(E47,'2025期功能研发汇总表'!E:S,10,FALSE) -> V3.7.0(20260312) | G47: 已发布 | H47: ==VLOOKUP(E47,'2025期功能研发汇总表'!E:S,7,FALSE) -> 运营·深耕/弱口令与扫描管理/弱口令管理 | I47: ==VLOOKUP(E47,'2025期功能研发汇总表'!E:S,8,FALSE) -> 0 | J47: ==VLOOKUP(E47,'2025期功能研发汇总表'!E:S,9,FALSE) -> 0 | K47: ==VLOOKUP(E47,'2025期功能研发汇总表'!E:S,3,FALSE) -> 仲光华
D48: 口令字典应用配置 | E48: 弱口令列表查询 | F48: ==VLOOKUP(E48,'2025期功能研发汇总表'!E:S,10,FALSE) -> V3.7.0(20260312) | G48: 已发布 | H48: ==VLOOKUP(E48,'2025期功能研发汇总表'!E:S,7,FALSE) -> 运营·深耕/弱口令与扫描管理/弱口令配置 | I48: ==VLOOKUP(E48,'2025期功能研发汇总表'!E:S,8,FALSE) -> 0 | J48: ==VLOOKUP(E48,'2025期功能研发汇总表'!E:S,9,FALSE) -> ["https://docimg4.docs.qq.com/image/AgAABqoC77domYiGmqBCVaY3INjJifio.png?w=1917&h=891",400,185] | K48: ==VLOOKUP(E48,'2025期功能研发汇总表'!E:S,3,FALSE) -> 仲光华
E49: 新增弱口令配置 | F49: ==VLOOKUP(E49,'2025期功能研发汇总表'!E:S,10,FALSE) -> V3.7.0(20260312) | G49: 已发布 | H49: ==VLOOKUP(E49,'2025期功能研发汇总表'!E:S,7,FALSE) -> 运营·深耕/弱口令与扫描管理/弱口令配置 | I49: ==VLOOKUP(E49,'2025期功能研发汇总表'!E:S,8,FALSE) -> 0 | J49: ==VLOOKUP(E49,'2025期功能研发汇总表'!E:S,9,FALSE) -> 0 | K49: ==VLOOKUP(E49,'2025期功能研发汇总表'!E:S,3,FALSE) -> 仲光华
E50: 修改弱口令配置 | F50: ==VLOOKUP(E50,'2025期功能研发汇总表'!E:S,10,FALSE) -> V3.7.0(20260312) | G50: 已发布 | H50: ==VLOOKUP(E50,'2025期功能研发汇总表'!E:S,7,FALSE) -> 运营·深耕/弱口令与扫描管理/弱口令配置 | I50: ==VLOOKUP(E50,'2025期功能研发汇总表'!E:S,8,FALSE) -> 0 | J50: ==VLOOKUP(E50,'2025期功能研发汇总表'!E:S,9,FALSE) -> 0 | K50: ==VLOOKUP(E50,'2025期功能研发汇总表'!E:S,3,FALSE) -> 仲光华
E51: 删除弱口令配置 | F51: ==VLOOKUP(E51,'2025期功能研发汇总表'!E:S,10,FALSE) -> V3.7.0(20260312) | G51: 已发布 | H51: ==VLOOKUP(E51,'2025期功能研发汇总表'!E:S,7,FALSE) -> 运营·深耕/弱口令与扫描管理/弱口令配置 | I51: ==VLOOKUP(E51,'2025期功能研发汇总表'!E:S,8,FALSE) -> 0 | J51: ==VLOOKUP(E51,'2025期功能研发汇总表'!E:S,9,FALSE) -> 0 | K51: ==VLOOKUP(E51,'2025期功能研发汇总表'!E:S,3,FALSE) -> 仲光华
E52: 批量删除弱口令 | F52: ==VLOOKUP(E52,'2025期功能研发汇总表'!E:S,10,FALSE) -> V3.7.0(20260312) | G52: 已发布 | H52: ==VLOOKUP(E52,'2025期功能研发汇总表'!E:S,7,FALSE) -> 运营·深耕/弱口令与扫描管理/弱口令配置 | I52: ==VLOOKUP(E52,'2025期功能研发汇总表'!E:S,8,FALSE) -> 0 | J52: ==VLOOKUP(E52,'2025期功能研发汇总表'!E:S,9,FALSE) -> 0 | K52: ==VLOOKUP(E52,'2025期功能研发汇总表'!E:S,3,FALSE) -> 仲光华
D53: 本省字典回传与更新 | E53: 未上传弱口令筛选 | F53: ==VLOOKUP(E53,'2025期功能研发汇总表'!E:S,10,FALSE) -> V3.7.0(20260312) | G53: 已发布 | H53: ==VLOOKUP(E53,'2025期功能研发汇总表'!E:S,7,FALSE) -> 漏洞管理平台/工单管理/系统漏洞工单 | I53: ==VLOOKUP(E53,'2025期功能研发汇总表'!E:S,8,FALSE) -> 搜索处置方式是字典组合爆破的，可以看到未回传的任务 | J53: ==VLOOKUP(E53,'2025期功能研发汇总表'!E:S,9,FALSE) -> ["https://docimg8.docs.qq.com/image/AgAABqoC77dISMkIlf1GkZTO73rM0eL3.png?w=1919&h=888",400,185] | K53: ==VLOOKUP(E53,'2025期功能研发汇总表'!E:S,3,FALSE) -> 仲光华
E54: 回传弱口令 | F54: ==VLOOKUP(E54,'2025期功能研发汇总表'!E:S,10,FALSE) -> V3.7.0(20260312) | G54: 已发布 | H54: ==VLOOKUP(E54,'2025期功能研发汇总表'!E:S,7,FALSE) -> 漏洞管理平台/任务管理/口令字典上传任务 | I54: ==VLOOKUP(E54,'2025期功能研发汇总表'!E:S,8,FALSE) -> 选择业务场景后，点击上传按钮进行回传 | J54: ==VLOOKUP(E54,'2025期功能研发汇总表'!E:S,9,FALSE) -> ["https://docimg7.docs.qq.com/image/AgAABqoC77cGvGgneVROnKuhI7yvUdOJ.png?w=1917&h=885",400,184] | K54: ==VLOOKUP(E54,'2025期功能研发汇总表'!E:S,3,FALSE) -> 仲光华
B55: 产品漏洞关联分析 | C55: 产品漏洞管理应用 | D55: 漏洞关联分析 | E55: 创建预警专项任务 | F55: ==VLOOKUP(E55,'2025期功能研发汇总表'!E:S,10,FALSE) -> V3.7.0(20260312) | G55: 已发布 | H55: ==VLOOKUP(E55,'2025期功能研发汇总表'!E:S,7,FALSE) -> 漏洞管理平台/任务管理/产品漏洞预警任务 | I55: ==VLOOKUP(E55,'2025期功能研发汇总表'!E:S,8,FALSE) -> 工单详情 > 任务下发；任务详情 | J55: ==VLOOKUP(E55,'2025期功能研发汇总表'!E:S,9,FALSE) -> 0 | K55: ==VLOOKUP(E55,'2025期功能研发汇总表'!E:S,3,FALSE) -> 张明峰
E56: 查看预警任务结果 | F56: ==VLOOKUP(E56,'2025期功能研发汇总表'!E:S,10,FALSE) -> V3.7.0(20260312) | G56: 已发布 | H56: ==VLOOKUP(E56,'2025期功能研发汇总表'!E:S,7,FALSE) -> 0 | I56: ==VLOOKUP(E56,'2025期功能研发汇总表'!E:S,8,FALSE) -> 0 | J56: ==VLOOKUP(E56,'2025期功能研发汇总表'!E:S,9,FALSE) -> 0 | K56: ==VLOOKUP(E56,'2025期功能研发汇总表'!E:S,3,FALSE) -> 张明峰
D57: 修复决策支持 | E57: 查看修复决策策略 | F57: ==VLOOKUP(E57,'2025期功能研发汇总表'!E:S,10,FALSE) -> V3.8.0-beat.1 | G57: 已发布 | H57: ==VLOOKUP(E57,'2025期功能研发汇总表'!E:S,7,FALSE) -> 运营·深耕/产品漏洞与风险识别/修复决策支持 | I57: ==VLOOKUP(E57,'2025期功能研发汇总表'!E:S,8,FALSE) -> 0 | J57: ==VLOOKUP(E57,'2025期功能研发汇总表'!E:S,9,FALSE) -> 0 | K57: ==VLOOKUP(E57,'2025期功能研发汇总表'!E:S,3,FALSE) -> 张明峰
E58: 修改修复决策策略 | F58: ==VLOOKUP(E58,'2025期功能研发汇总表'!E:S,10,FALSE) -> V3.8.0-beat.1 | G58: 已发布 | H58: ==VLOOKUP(E58,'2025期功能研发汇总表'!E:S,7,FALSE) -> 运营·深耕/产品漏洞与风险识别/修复决策支持 | I58: ==VLOOKUP(E58,'2025期功能研发汇总表'!E:S,8,FALSE) -> 0 | J58: ==VLOOKUP(E58,'2025期功能研发汇总表'!E:S,9,FALSE) -> 0 | K58: ==VLOOKUP(E58,'2025期功能研发汇总表'!E:S,3,FALSE) -> 张明峰
E59: 删除修复决策策略 | F59: ==VLOOKUP(E59,'2025期功能研发汇总表'!E:S,10,FALSE) -> V3.8.0-beat.1 | G59: 已发布 | H59: ==VLOOKUP(E59,'2025期功能研发汇总表'!E:S,7,FALSE) -> 运营·深耕/产品漏洞与风险识别/修复决策支持 | I59: ==VLOOKUP(E59,'2025期功能研发汇总表'!E:S,8,FALSE) -> 0 | J59: ==VLOOKUP(E59,'2025期功能研发汇总表'!E:S,9,FALSE) -> 0 | K59: ==VLOOKUP(E59,'2025期功能研发汇总表'!E:S,3,FALSE) -> 张明峰
D60: 漏洞指纹排查 | E60: 采集漏洞指纹 | F60: ==VLOOKUP(E60,'2025期功能研发汇总表'!E:S,10,FALSE) -> V3.8.0-beat.1 | G60: 已发布 | H60: ==VLOOKUP(E60,'2025期功能研发汇总表'!E:S,7,FALSE) -> 信息化资产管理/资产管理/漏洞指纹管理 | I60: ==VLOOKUP(E60,'2025期功能研发汇总表'!E:S,8,FALSE) -> 漏洞扫描任务发现漏洞后，自动标准化资产组件信息同步到漏洞指纹库 | J60: ==VLOOKUP(E60,'2025期功能研发汇总表'!E:S,9,FALSE) -> 0 | K60: ==VLOOKUP(E60,'2025期功能研发汇总表'!E:S,3,FALSE) -> 张明峰
E61: 查看漏洞指纹 | F61: ==VLOOKUP(E61,'2025期功能研发汇总表'!E:S,10,FALSE) -> V3.8.0-beat.1 | G61: 已发布 | H61: ==VLOOKUP(E61,'2025期功能研发汇总表'!E:S,7,FALSE) -> 信息化资产管理/资产管理/漏洞指纹管理 | I61: ==VLOOKUP(E61,'2025期功能研发汇总表'!E:S,8,FALSE) -> 从列表查看漏洞扫描任务发现的漏洞指纹信息，当前仅支持开放端口 | J61: ==VLOOKUP(E61,'2025期功能研发汇总表'!E:S,9,FALSE) -> 0 | K61: ==VLOOKUP(E61,'2025期功能研发汇总表'!E:S,3,FALSE) -> 张明峰
B62: 数据同步 | C62: VEX数据上报及接收 | D62: VEX数据接口 | E62: 上传VEX文档 | F62: ==VLOOKUP(E62,'2025期功能研发汇总表'!E:S,10,FALSE) -> V3.8.0-beat.1 | G62: 已发布 | H62: ==VLOOKUP(E62,'2025期功能研发汇总表'!E:S,7,FALSE) -> 运营·深耕/产品漏洞与风险识别/VEX数据接口管理 | I62: ==VLOOKUP(E62,'2025期功能研发汇总表'!E:S,8,FALSE) -> 上传按钮 | J62: ==VLOOKUP(E62,'2025期功能研发汇总表'!E:S,9,FALSE) -> 0 | K62: ==VLOOKUP(E62,'2025期功能研发汇总表'!E:S,3,FALSE) -> 蔡云飞
E63: 接收VEX文档 | F63: ==VLOOKUP(E63,'2025期功能研发汇总表'!E:S,10,FALSE) -> V3.8.0-beat.1 | G63: 已发布 | H63: ==VLOOKUP(E63,'2025期功能研发汇总表'!E:S,7,FALSE) -> 运营·深耕/产品漏洞与风险识别/VEX数据接口管理 | I63: ==VLOOKUP(E63,'2025期功能研发汇总表'!E:S,8,FALSE) -> 接收按钮 | J63: ==VLOOKUP(E63,'2025期功能研发汇总表'!E:S,9,FALSE) -> 0 | K63: ==VLOOKUP(E63,'2025期功能研发汇总表'!E:S,3,FALSE) -> 蔡云飞
E64: 查看VEX文档信息 | F64: ==VLOOKUP(E64,'2025期功能研发汇总表'!E:S,10,FALSE) -> V3.8.0-beat.1 | G64: 已发布 | H64: ==VLOOKUP(E64,'2025期功能研发汇总表'!E:S,7,FALSE) -> 运营·深耕/产品漏洞与风险识别/VEX数据接口管理 | I64: ==VLOOKUP(E64,'2025期功能研发汇总表'!E:S,8,FALSE) -> 详情查询按钮 | J64: ==VLOOKUP(E64,'2025期功能研发汇总表'!E:S,9,FALSE) -> 0 | K64: ==VLOOKUP(E64,'2025期功能研发汇总表'!E:S,3,FALSE) -> 蔡云飞
E65: 显示VEX文档信息 | F65: ==VLOOKUP(E65,'2025期功能研发汇总表'!E:S,10,FALSE) -> V3.8.0-beat.1 | G65: 已发布 | H65: ==VLOOKUP(E65,'2025期功能研发汇总表'!E:S,7,FALSE) -> 运营·深耕/产品漏洞与风险识别/VEX数据接口管理 | I65: ==VLOOKUP(E65,'2025期功能研发汇总表'!E:S,8,FALSE) -> 查询按钮 | J65: ==VLOOKUP(E65,'2025期功能研发汇总表'!E:S,9,FALSE) -> 0 | K65: ==VLOOKUP(E65,'2025期功能研发汇总表'!E:S,3,FALSE) -> 蔡云飞
C66: 漏洞修复状态同步 | D66: 漏洞修复状态同步接口 | E66: 漏洞修复状态查询 | F66: ==VLOOKUP(E66,'2025期功能研发汇总表'!E:S,10,FALSE) -> V3.7.0(20260312) | G66: 已发布 | H66: ==VLOOKUP(E66,'2025期功能研发汇总表'!E:S,7,FALSE) -> 运营·深耕/漏洞修复核验/漏洞修复状态同步管理 | I66: ==VLOOKUP(E66,'2025期功能研发汇总表'!E:S,8,FALSE) -> 查询按钮 | J66: ==VLOOKUP(E66,'2025期功能研发汇总表'!E:S,9,FALSE) -> 0 | K66: ==VLOOKUP(E66,'2025期功能研发汇总表'!E:S,3,FALSE) -> 蔡云飞
E67: 漏洞修复状态更新 | F67: ==VLOOKUP(E67,'2025期功能研发汇总表'!E:S,10,FALSE) -> V3.7.0(20260312) | G67: 已发布 | H67: ==VLOOKUP(E67,'2025期功能研发汇总表'!E:S,7,FALSE) -> 运营·深耕/漏洞修复核验/漏洞修复状态同步管理 | I67: ==VLOOKUP(E67,'2025期功能研发汇总表'!E:S,8,FALSE) -> 修改按钮 | J67: ==VLOOKUP(E67,'2025期功能研发汇总表'!E:S,9,FALSE) -> 0 | K67: ==VLOOKUP(E67,'2025期功能研发汇总表'!E:S,3,FALSE) -> 蔡云飞
E68: 漏洞修复状态同步至资产管理平台 | F68: ==VLOOKUP(E68,'2025期功能研发汇总表'!E:S,10,FALSE) -> V3.7.0(20260312) | G68: 已发布 | H68: ==VLOOKUP(E68,'2025期功能研发汇总表'!E:S,7,FALSE) -> 运营·深耕/漏洞修复核验/漏洞修复状态同步管理 | I68: ==VLOOKUP(E68,'2025期功能研发汇总表'!E:S,8,FALSE) -> 同步数据按钮 | J68: ==VLOOKUP(E68,'2025期功能研发汇总表'!E:S,9,FALSE) -> 0 | K68: ==VLOOKUP(E68,'2025期功能研发汇总表'!E:S,3,FALSE) -> 蔡云飞
E69: 漏洞修复状态同步结果查询 | F69: ==VLOOKUP(E69,'2025期功能研发汇总表'!E:S,10,FALSE) -> V3.7.0(20260312) | G69: 已发布 | H69: ==VLOOKUP(E69,'2025期功能研发汇总表'!E:S,7,FALSE) -> 运营·深耕/漏洞修复核验/漏洞修复状态同步管理 | I69: ==VLOOKUP(E69,'2025期功能研发汇总表'!E:S,8,FALSE) -> 同步查询按钮 | J69: ==VLOOKUP(E69,'2025期功能研发汇总表'!E:S,9,FALSE) -> 0 | K69: ==VLOOKUP(E69,'2025期功能研发汇总表'!E:S,3,FALSE) -> 蔡云飞
C70: 数据一致性保障 | D70: 数据一致性校验任务 | E70: 数据一致性审批查询 | F70: ==VLOOKUP(E70,'2025期功能研发汇总表'!E:S,10,FALSE) -> V3.7.0(20260312) | G70: 已部署 | H70: ==VLOOKUP(E70,'2025期功能研发汇总表'!E:S,7,FALSE) -> 运营·深耕/漏洞修复核验/数据一致性审批 | I70: ==VLOOKUP(E70,'2025期功能研发汇总表'!E:S,8,FALSE) -> 审批查询按钮 | J70: ==VLOOKUP(E70,'2025期功能研发汇总表'!E:S,9,FALSE) -> 0 | K70: ==VLOOKUP(E70,'2025期功能研发汇总表'!E:S,3,FALSE) -> 蔡云飞
E71: 数据一致性审批创建 | F71: ==VLOOKUP(E71,'2025期功能研发汇总表'!E:S,10,FALSE) -> V3.7.0(20260312) | G71: 已部署 | H71: ==VLOOKUP(E71,'2025期功能研发汇总表'!E:S,7,FALSE) -> 运营·深耕/漏洞修复核验/数据一致性审批 | I71: ==VLOOKUP(E71,'2025期功能研发汇总表'!E:S,8,FALSE) -> 新增按钮 | J71: ==VLOOKUP(E71,'2025期功能研发汇总表'!E:S,9,FALSE) -> 0 | K71: ==VLOOKUP(E71,'2025期功能研发汇总表'!E:S,3,FALSE) -> 蔡云飞
E72: 数据一致性审批启动 | F72: ==VLOOKUP(E72,'2025期功能研发汇总表'!E:S,10,FALSE) -> V3.7.0(20260312) | G72: 已发布 | H72: ==VLOOKUP(E72,'2025期功能研发汇总表'!E:S,7,FALSE) -> 运营·深耕/漏洞修复核验/数据一致性审批 | I72: ==VLOOKUP(E72,'2025期功能研发汇总表'!E:S,8,FALSE) -> 启动按钮 | J72: ==VLOOKUP(E72,'2025期功能研发汇总表'!E:S,9,FALSE) -> 0 | K72: ==VLOOKUP(E72,'2025期功能研发汇总表'!E:S,3,FALSE) -> 蔡云飞
E73: 数据一致性审批结果收集 | F73: ==VLOOKUP(E73,'2025期功能研发汇总表'!E:S,10,FALSE) -> V3.7.0(20260312) | G73: 已部署 | H73: ==VLOOKUP(E73,'2025期功能研发汇总表'!E:S,7,FALSE) -> 运营·深耕/漏洞修复核验/数据一致性审批 | I73: ==VLOOKUP(E73,'2025期功能研发汇总表'!E:S,8,FALSE) -> 审批结果查询按钮 | J73: ==VLOOKUP(E73,'2025期功能研发汇总表'!E:S,9,FALSE) -> 0 | K73: ==VLOOKUP(E73,'2025期功能研发汇总表'!E:S,3,FALSE) -> 蔡云飞
B74: 漏洞概念验证全生命周期管理 | C74: 漏洞概念验证插件配置管理 | D74: 插件本地管理 | E74: 保存新增的POC插件 | F74: ==VLOOKUP(E74,'2025期功能研发汇总表'!E:S,10,FALSE) -> V3.7.0(20260312) | G74: 已部署 | H74: ==VLOOKUP(E74,'2025期功能研发汇总表'!E:S,7,FALSE) -> 运营·深耕/漏洞概念验证/插件本地管理 | I74: ==VLOOKUP(E74,'2025期功能研发汇总表'!E:S,8,FALSE) -> 新增按钮 | J74: ==VLOOKUP(E74,'2025期功能研发汇总表'!E:S,9,FALSE) -> 0 | K74: ==VLOOKUP(E74,'2025期功能研发汇总表'!E:S,3,FALSE) -> 张明峰
E75: 新增的概念验证插件提交功能 | F75: ==VLOOKUP(E75,'2025期功能研发汇总表'!E:S,10,FALSE) -> V3.7.0(20260312) | G75: 已部署 | H75: ==VLOOKUP(E75,'2025期功能研发汇总表'!E:S,7,FALSE) -> 运营·深耕/漏洞概念验证/插件本地管理 | I75: ==VLOOKUP(E75,'2025期功能研发汇总表'!E:S,8,FALSE) -> 列表数据提交审核 | J75: ==VLOOKUP(E75,'2025期功能研发汇总表'!E:S,9,FALSE) -> 0 | K75: ==VLOOKUP(E75,'2025期功能研发汇总表'!E:S,3,FALSE) -> 张明峰
E76: 提交新增的POC插件 | F76: ==VLOOKUP(E76,'2025期功能研发汇总表'!E:S,10,FALSE) -> V3.7.0(20260312) | G76: 已部署 | H76: ==VLOOKUP(E76,'2025期功能研发汇总表'!E:S,7,FALSE) -> 运营·深耕/漏洞概念验证/插件本地管理 | I76: ==VLOOKUP(E76,'2025期功能研发汇总表'!E:S,8,FALSE) -> 列表数据提交审核 | J76: ==VLOOKUP(E76,'2025期功能研发汇总表'!E:S,9,FALSE) -> 0 | K76: ==VLOOKUP(E76,'2025期功能研发汇总表'!E:S,3,FALSE) -> 张明峰
E77: 上传POC插件文件到服务器 | F77: ==VLOOKUP(E77,'2025期功能研发汇总表'!E:S,10,FALSE) -> V3.7.0(20260312) | G77: 已发布 | H77: ==VLOOKUP(E77,'2025期功能研发汇总表'!E:S,7,FALSE) -> 运营·深耕/漏洞概念验证/插件本地管理 | I77: ==VLOOKUP(E77,'2025期功能研发汇总表'!E:S,8,FALSE) -> 上传文件 | J77: ==VLOOKUP(E77,'2025期功能研发汇总表'!E:S,9,FALSE) -> 0 | K77: ==VLOOKUP(E77,'2025期功能研发汇总表'!E:S,3,FALSE) -> 张明峰
E78: 编辑未审核的POC插件 | F78: ==VLOOKUP(E78,'2025期功能研发汇总表'!E:S,10,FALSE) -> V3.7.0(20260312) | G78: 已发布 | H78: ==VLOOKUP(E78,'2025期功能研发汇总表'!E:S,7,FALSE) -> 运营·深耕/漏洞概念验证/插件本地管理 | I78: ==VLOOKUP(E78,'2025期功能研发汇总表'!E:S,8,FALSE) -> 列表数据编辑按钮 | J78: ==VLOOKUP(E78,'2025期功能研发汇总表'!E:S,9,FALSE) -> 0 | K78: ==VLOOKUP(E78,'2025期功能研发汇总表'!E:S,3,FALSE) -> 张明峰
E79: 查看未审核的POC插件关联漏洞信息 | F79: ==VLOOKUP(E79,'2025期功能研发汇总表'!E:S,10,FALSE) -> V3.7.0(20260312) | G79: 已发布 | H79: ==VLOOKUP(E79,'2025期功能研发汇总表'!E:S,7,FALSE) -> 运营·深耕/漏洞概念验证/插件本地管理 | I79: ==VLOOKUP(E79,'2025期功能研发汇总表'!E:S,8,FALSE) -> 点击列表数据漏洞ID弹窗 | J79: ==VLOOKUP(E79,'2025期功能研发汇总表'!E:S,9,FALSE) -> 0 | K79: ==VLOOKUP(E79,'2025期功能研发汇总表'!E:S,3,FALSE) -> 张明峰
E80: 查看POC插件的的生命周期记录 | F80: ==VLOOKUP(E80,'2025期功能研发汇总表'!E:S,10,FALSE) -> V3.7.0(20260312) | G80: 已发布 | H80: ==VLOOKUP(E80,'2025期功能研发汇总表'!E:S,7,FALSE) -> 运营·深耕/漏洞概念验证/插件本地管理 | I80: ==VLOOKUP(E80,'2025期功能研发汇总表'!E:S,8,FALSE) -> 点击列表数据查看按钮 | J80: ==VLOOKUP(E80,'2025期功能研发汇总表'!E:S,9,FALSE) -> 0 | K80: ==VLOOKUP(E80,'2025期功能研发汇总表'!E:S,3,FALSE) -> 张明峰
E81: 校验POC插件数据完整性 | F81: ==VLOOKUP(E81,'2025期功能研发汇总表'!E:S,10,FALSE) -> V3.7.0(20260312) | G81: 已发布 | H81: ==VLOOKUP(E81,'2025期功能研发汇总表'!E:S,7,FALSE) -> 运营·深耕/漏洞概念验证/插件本地管理 | I81: ==VLOOKUP(E81,'2025期功能研发汇总表'!E:S,8,FALSE) -> 列表数据校验按钮 | J81: ==VLOOKUP(E81,'2025期功能研发汇总表'!E:S,9,FALSE) -> 0 | K81: ==VLOOKUP(E81,'2025期功能研发汇总表'!E:S,3,FALSE) -> 张明峰
E82: 下载POC插件数据到本地 | F82: ==VLOOKUP(E82,'2025期功能研发汇总表'!E:S,10,FALSE) -> V3.7.0(20260312) | G82: 已发布 | H82: ==VLOOKUP(E82,'2025期功能研发汇总表'!E:S,7,FALSE) -> 运营·深耕/漏洞概念验证/插件本地管理 | I82: ==VLOOKUP(E82,'2025期功能研发汇总表'!E:S,8,FALSE) -> 选中数据导出选中、行数据下载 | J82: ==VLOOKUP(E82,'2025期功能研发汇总表'!E:S,9,FALSE) -> 0 | K82: ==VLOOKUP(E82,'2025期功能研发汇总表'!E:S,3,FALSE) -> 张明峰
E83: 删除POC插件数据 | F83: ==VLOOKUP(E83,'2025期功能研发汇总表'!E:S,10,FALSE) -> V3.7.0(20260312) | G83: 已发布 | H83: ==VLOOKUP(E83,'2025期功能研发汇总表'!E:S,7,FALSE) -> 运营·深耕/漏洞概念验证/插件本地管理 | I83: ==VLOOKUP(E83,'2025期功能研发汇总表'!E:S,8,FALSE) -> 列表数据删除按钮 | J83: ==VLOOKUP(E83,'2025期功能研发汇总表'!E:S,9,FALSE) -> 0 | K83: ==VLOOKUP(E83,'2025期功能研发汇总表'!E:S,3,FALSE) -> 张明峰
D84: 插件参数设置 | E84: 新增插件模板信息 | F84: ==VLOOKUP(E84,'2025期功能研发汇总表'!E:S,10,FALSE) -> V3.7.0(20260312) | G84: 已发布 | H84: ==VLOOKUP(E84,'2025期功能研发汇总表'!E:S,7,FALSE) -> 运营·深耕/漏洞概念验证/插件参数设置 | I84: ==VLOOKUP(E84,'2025期功能研发汇总表'!E:S,8,FALSE) -> 新建模板 | J84: ==VLOOKUP(E84,'2025期功能研发汇总表'!E:S,9,FALSE) -> 0 | K84: ==VLOOKUP(E84,'2025期功能研发汇总表'!E:S,3,FALSE) -> 张明峰
E85: 修改插件模板信息 | F85: ==VLOOKUP(E85,'2025期功能研发汇总表'!E:S,10,FALSE) -> V3.7.0(20260312) | G85: 已发布 | H85: ==VLOOKUP(E85,'2025期功能研发汇总表'!E:S,7,FALSE) -> 运营·深耕/漏洞概念验证/插件参数设置 | I85: ==VLOOKUP(E85,'2025期功能研发汇总表'!E:S,8,FALSE) -> 编辑按钮 | J85: ==VLOOKUP(E85,'2025期功能研发汇总表'!E:S,9,FALSE) -> 0 | K85: ==VLOOKUP(E85,'2025期功能研发汇总表'!E:S,3,FALSE) -> 张明峰
E86: 下载插件模板信息 | F86: ==VLOOKUP(E86,'2025期功能研发汇总表'!E:S,10,FALSE) -> V3.7.0(20260312) | G86: 已发布 | H86: ==VLOOKUP(E86,'2025期功能研发汇总表'!E:S,7,FALSE) -> 运营·深耕/漏洞概念验证/插件参数设置 | I86: ==VLOOKUP(E86,'2025期功能研发汇总表'!E:S,8,FALSE) -> 选中数据导出选中、行数据下载 | J86: ==VLOOKUP(E86,'2025期功能研发汇总表'!E:S,9,FALSE) -> 0 | K86: ==VLOOKUP(E86,'2025期功能研发汇总表'!E:S,3,FALSE) -> 张明峰
D87: 插件版本控制 | E87: 标记过时插件模板 | F87: ==VLOOKUP(E87,'2025期功能研发汇总表'!E:S,10,FALSE) -> V3.7.0(20260312) | G87: 已发布 | H87: ==VLOOKUP(E87,'2025期功能研发汇总表'!E:S,7,FALSE) -> 运营·深耕/漏洞概念验证/插件版本控制 | I87: ==VLOOKUP(E87,'2025期功能研发汇总表'!E:S,8,FALSE) -> 标记过时按钮 | J87: ==VLOOKUP(E87,'2025期功能研发汇总表'!E:S,9,FALSE) -> 0 | K87: ==VLOOKUP(E87,'2025期功能研发汇总表'!E:S,3,FALSE) -> 张明峰
E88: 删除过时插件模板 | F88: ==VLOOKUP(E88,'2025期功能研发汇总表'!E:S,10,FALSE) -> V3.7.0(20260312) | G88: 已发布 | H88: ==VLOOKUP(E88,'2025期功能研发汇总表'!E:S,7,FALSE) -> 运营·深耕/漏洞概念验证/插件版本控制 | I88: ==VLOOKUP(E88,'2025期功能研发汇总表'!E:S,8,FALSE) -> 删除按钮 | J88: ==VLOOKUP(E88,'2025期功能研发汇总表'!E:S,9,FALSE) -> 0 | K88: ==VLOOKUP(E88,'2025期功能研发汇总表'!E:S,3,FALSE) -> 张明峰
D89: 插件验证与审核 | E89: 查看插件信息及其关联漏洞信息 | F89: ==VLOOKUP(E89,'2025期功能研发汇总表'!E:S,10,FALSE) -> V3.7.0(20260312) | G89: 已发布 | H89: ==VLOOKUP(E89,'2025期功能研发汇总表'!E:S,7,FALSE) -> 运营·深耕/漏洞概念验证/插件本地管理 | I89: ==VLOOKUP(E89,'2025期功能研发汇总表'!E:S,8,FALSE) -> 点击列表数据漏洞ID | J89: ==VLOOKUP(E89,'2025期功能研发汇总表'!E:S,9,FALSE) -> 0 | K89: ==VLOOKUP(E89,'2025期功能研发汇总表'!E:S,3,FALSE) -> 张明峰
E90: 人工线下初步验证插件 | F90: ==VLOOKUP(E90,'2025期功能研发汇总表'!E:S,10,FALSE) -> 已废弃 | H90: ==VLOOKUP(E90,'2025期功能研发汇总表'!E:S,7,FALSE) -> 0 | I90: ==VLOOKUP(E90,'2025期功能研发汇总表'!E:S,8,FALSE) -> 0 | J90: ==VLOOKUP(E90,'2025期功能研发汇总表'!E:S,9,FALSE) -> 0 | K90: ==VLOOKUP(E90,'2025期功能研发汇总表'!E:S,3,FALSE) -> 张明峰
E91: 插件基础安全性 | F91: ==VLOOKUP(E91,'2025期功能研发汇总表'!E:S,10,FALSE) -> 未发版 | H91: ==VLOOKUP(E91,'2025期功能研发汇总表'!E:S,7,FALSE) -> 运营·深耕/漏洞概念验证/插件验证与审核 | I91: ==VLOOKUP(E91,'2025期功能研发汇总表'!E:S,8,FALSE) -> 点击"安全检测"按钮打开界面操作 | J91: ==VLOOKUP(E91,'2025期功能研发汇总表'!E:S,9,FALSE) -> 0 | K91: ==VLOOKUP(E91,'2025期功能研发汇总表'!E:S,3,FALSE) -> 张明峰
E92: 人工线下验证插件基础安全性 | F92: ==VLOOKUP(E92,'2025期功能研发汇总表'!E:S,10,FALSE) -> 已废弃 | H92: ==VLOOKUP(E92,'2025期功能研发汇总表'!E:S,7,FALSE) -> 运营·深耕/漏洞概念验证/插件验证与审核 | I92: ==VLOOKUP(E92,'2025期功能研发汇总表'!E:S,8,FALSE) -> 0 | J92: ==VLOOKUP(E92,'2025期功能研发汇总表'!E:S,9,FALSE) -> 0 | K92: ==VLOOKUP(E92,'2025期功能研发汇总表'!E:S,3,FALSE) -> 张明峰
E93: 提交到部侧漏管平台审核 | F93: ==VLOOKUP(E93,'2025期功能研发汇总表'!E:S,10,FALSE) -> V3.7.0(20260312) | G93: 已发布 | H93: ==VLOOKUP(E93,'2025期功能研发汇总表'!E:S,7,FALSE) -> 运营·深耕/漏洞概念验证/插件验证与审核 | I93: ==VLOOKUP(E93,'2025期功能研发汇总表'!E:S,8,FALSE) -> 点击"提交审核"按钮打开界面操作 | J93: ==VLOOKUP(E93,'2025期功能研发汇总表'!E:S,9,FALSE) -> 0 | K93: ==VLOOKUP(E93,'2025期功能研发汇总表'!E:S,3,FALSE) -> 张明峰
E94: 插件等级评定 | F94: ==VLOOKUP(E94,'2025期功能研发汇总表'!E:S,10,FALSE) -> 未发版 | H94: ==VLOOKUP(E94,'2025期功能研发汇总表'!E:S,7,FALSE) -> 运营·深耕/漏洞概念验证/插件验证与审核 | I94: ==VLOOKUP(E94,'2025期功能研发汇总表'!E:S,8,FALSE) -> 点击"等级评定"按钮打开界面操作 | J94: ==VLOOKUP(E94,'2025期功能研发汇总表'!E:S,9,FALSE) -> 0 | K94: ==VLOOKUP(E94,'2025期功能研发汇总表'!E:S,3,FALSE) -> 张明峰
E95: 综合判定插件状态 | F95: ==VLOOKUP(E95,'2025期功能研发汇总表'!E:S,10,FALSE) -> 未发版 | H95: ==VLOOKUP(E95,'2025期功能研发汇总表'!E:S,7,FALSE) -> 运营·深耕/漏洞概念验证/插件验证与审核 | I95: ==VLOOKUP(E95,'2025期功能研发汇总表'!E:S,8,FALSE) -> 点击"状态判定"按钮打开界面操作 | J95: ==VLOOKUP(E95,'2025期功能研发汇总表'!E:S,9,FALSE) -> 0 | K95: ==VLOOKUP(E95,'2025期功能研发汇总表'!E:S,3,FALSE) -> 张明峰
E96: 部侧调用企业测接口同步审核结果 | F96: ==VLOOKUP(E96,'2025期功能研发汇总表'!E:S,10,FALSE) -> 未发版 | H96: ==VLOOKUP(E96,'2025期功能研发汇总表'!E:S,7,FALSE) -> 运营·深耕/漏洞概念验证/插件验证与审核 | I96: ==VLOOKUP(E96,'2025期功能研发汇总表'!E:S,8,FALSE) -> 点击"同步结果"按钮打开界面操作 | J96: ==VLOOKUP(E96,'2025期功能研发汇总表'!E:S,9,FALSE) -> 0 | K96: ==VLOOKUP(E96,'2025期功能研发汇总表'!E:S,3,FALSE) -> 张明峰
E97: 已审核插件匹配本地漏洞 | F97: ==VLOOKUP(E97,'2025期功能研发汇总表'!E:S,10,FALSE) -> 已废弃 | H97: ==VLOOKUP(E97,'2025期功能研发汇总表'!E:S,7,FALSE) -> 运营·深耕/漏洞概念验证/插件验证与审核 | I97: ==VLOOKUP(E97,'2025期功能研发汇总表'!E:S,8,FALSE) -> 0 | J97: ==VLOOKUP(E97,'2025期功能研发汇总表'!E:S,9,FALSE) -> 0 | K97: ==VLOOKUP(E97,'2025期功能研发汇总表'!E:S,3,FALSE) -> 张明峰
D98: POC插件运行管理 | E98: 本地引擎离线导入插件 | F98: ==VLOOKUP(E98,'2025期功能研发汇总表'!E:S,10,FALSE) -> V3.7.0(20260312) | G98: 已发布 | H98: ==VLOOKUP(E98,'2025期功能研发汇总表'!E:S,7,FALSE) -> 运营·深耕/漏洞概念验证/POC插件运行管理 | I98: ==VLOOKUP(E98,'2025期功能研发汇总表'!E:S,8,FALSE) -> 0 | J98: ==VLOOKUP(E98,'2025期功能研发汇总表'!E:S,9,FALSE) -> 0 | K98: ==VLOOKUP(E98,'2025期功能研发汇总表'!E:S,3,FALSE) -> 张明峰
E99: 输入输出数据参数管理 | F99: ==VLOOKUP(E99,'2025期功能研发汇总表'!E:S,10,FALSE) -> V3.7.0(20260312) | G99: 已发布 | H99: ==VLOOKUP(E99,'2025期功能研发汇总表'!E:S,7,FALSE) -> 运营·深耕/漏洞概念验证/POC插件运行管理 | I99: ==VLOOKUP(E99,'2025期功能研发汇总表'!E:S,8,FALSE) -> 0 | J99: ==VLOOKUP(E99,'2025期功能研发汇总表'!E:S,9,FALSE) -> 0 | K99: ==VLOOKUP(E99,'2025期功能研发汇总表'!E:S,3,FALSE) -> 张明峰
E100: 用户提交POC任务 | F100: ==VLOOKUP(E100,'2025期功能研发汇总表'!E:S,10,FALSE) -> V3.7.0(20260312) | G100: 已发布 | H100: ==VLOOKUP(E100,'2025期功能研发汇总表'!E:S,7,FALSE) -> 运营·深耕/漏洞概念验证/POC插件运行管理 | I100: ==VLOOKUP(E100,'2025期功能研发汇总表'!E:S,8,FALSE) -> 0 | J100: ==VLOOKUP(E100,'2025期功能研发汇总表'!E:S,9,FALSE) -> 0 | K100: ==VLOOKUP(E100,'2025期功能研发汇总表'!E:S,3,FALSE) -> 张明峰
...

Sheet 广东功能清单
A1: 一级功能 | B1: 二级功能 | C1: 三级功能 | D1: 四级功能 | E1: 类型 | F1: 版本标识 | G1: 交付情况 | H1: 菜单/路径(完成必填) | I1: 功能操作 | J1: 界面截图 | K1: 备注
A2: 安全风险识别与利用分析 | B2: CPE库管理 | C2: CPE文档基础管理 | D2: CPE文档查询 | E2: EQ | F2: ==VLOOKUP(D2,'2025期功能研发汇总表'!E:S,10,FALSE) -> V3.8.0-beat.1 | H2: ==VLOOKUP(D2,'2025期功能研发汇总表'!E:S,6,FALSE) -> 46091 | I2: ==VLOOKUP(D2,'2025期功能研发汇总表'!E:S,7,FALSE) -> 漏洞生命周期管理/产品漏洞管理/CPE文档管理 | J2: ==VLOOKUP(D2,'2025期功能研发汇总表'!E:S,8,FALSE) -> 查询按钮 | K2: ==VLOOKUP(D2,'2025期功能研发汇总表'!E:S,9,FALSE) -> 0
D3: CPE文档创建 | E3: EI | F3: ==VLOOKUP(D3,'2025期功能研发汇总表'!E:S,10,FALSE) -> V3.7.0(20260312) | H3: ==VLOOKUP(D3,'2025期功能研发汇总表'!E:S,6,FALSE) -> 46091 | I3: ==VLOOKUP(D3,'2025期功能研发汇总表'!E:S,7,FALSE) -> 漏洞生命周期管理/产品漏洞管理/CPE文档管理 | J3: ==VLOOKUP(D3,'2025期功能研发汇总表'!E:S,8,FALSE) -> 创建按钮 | K3: ==VLOOKUP(D3,'2025期功能研发汇总表'!E:S,9,FALSE) -> 0
D4: CPE文档编辑 | E4: EI | F4: ==VLOOKUP(D4,'2025期功能研发汇总表'!E:S,10,FALSE) -> V3.7.0(20260312) | H4: ==VLOOKUP(D4,'2025期功能研发汇总表'!E:S,6,FALSE) -> 46091 | I4: ==VLOOKUP(D4,'2025期功能研发汇总表'!E:S,7,FALSE) -> 漏洞生命周期管理/产品漏洞管理/CPE文档管理 | J4: ==VLOOKUP(D4,'2025期功能研发汇总表'!E:S,8,FALSE) -> 编辑按钮 | K4: ==VLOOKUP(D4,'2025期功能研发汇总表'!E:S,9,FALSE) -> 0
D5: CPE文档删除 | E5: EI | F5: ==VLOOKUP(D5,'2025期功能研发汇总表'!E:S,10,FALSE) -> V3.7.0(20260312) | H5: ==VLOOKUP(D5,'2025期功能研发汇总表'!E:S,6,FALSE) -> 46091 | I5: ==VLOOKUP(D5,'2025期功能研发汇总表'!E:S,7,FALSE) -> 漏洞生命周期管理/产品漏洞管理/CPE文档管理 | J5: ==VLOOKUP(D5,'2025期功能研发汇总表'!E:S,8,FALSE) -> 删除按钮 | K5: ==VLOOKUP(D5,'2025期功能研发汇总表'!E:S,9,FALSE) -> 0
D6: CPE文档导入 | E6: EI | F6: ==VLOOKUP(D6,'2025期功能研发汇总表'!E:S,10,FALSE) -> V3.7.0(20260312) | H6: ==VLOOKUP(D6,'2025期功能研发汇总表'!E:S,6,FALSE) -> 46091 | I6: ==VLOOKUP(D6,'2025期功能研发汇总表'!E:S,7,FALSE) -> 漏洞生命周期管理/产品漏洞管理/CPE文档管理 | J6: ==VLOOKUP(D6,'2025期功能研发汇总表'!E:S,8,FALSE) -> 导入按钮 | K6: ==VLOOKUP(D6,'2025期功能研发汇总表'!E:S,9,FALSE) -> 0
D7: CPE文档导出 | E7: EO | F7: ==VLOOKUP(D7,'2025期功能研发汇总表'!E:S,10,FALSE) -> V3.7.0(20260312) | H7: ==VLOOKUP(D7,'2025期功能研发汇总表'!E:S,6,FALSE) -> 46091 | I7: ==VLOOKUP(D7,'2025期功能研发汇总表'!E:S,7,FALSE) -> 漏洞生命周期管理/产品漏洞管理/CPE文档管理 | J7: ==VLOOKUP(D7,'2025期功能研发汇总表'!E:S,8,FALSE) -> 导出按钮 | K7: ==VLOOKUP(D7,'2025期功能研发汇总表'!E:S,9,FALSE) -> 0
C8: CPE数据标准化校验 | D8: CPE数据格式校验 | E8: EI | F8: ==VLOOKUP(D8,'2025期功能研发汇总表'!E:S,10,FALSE) -> V3.7.0(20260312) | H8: ==VLOOKUP(D8,'2025期功能研发汇总表'!E:S,6,FALSE) -> 46091 | I8: ==VLOOKUP(D8,'2025期功能研发汇总表'!E:S,7,FALSE) -> 漏洞生命周期管理/产品漏洞管理/CPE文档管理 | J8: ==VLOOKUP(D8,'2025期功能研发汇总表'!E:S,8,FALSE) -> 程序内部自动执行 | K8: ==VLOOKUP(D8,'2025期功能研发汇总表'!E:S,9,FALSE) -> 0
B9: VEX文档管理 | C9: VEX文档全生命周期管理 | D9: CISA VEX文档下载 | E9: EI | F9: ==VLOOKUP(D9,'2025期功能研发汇总表'!E:S,10,FALSE) -> #N/A | H9: ==VLOOKUP(D9,'2025期功能研发汇总表'!E:S,6,FALSE) -> #N/A | I9: ==VLOOKUP(D9,'2025期功能研发汇总表'!E:S,7,FALSE) -> #N/A | J9: ==VLOOKUP(D9,'2025期功能研发汇总表'!E:S,8,FALSE) -> #N/A | K9: ==VLOOKUP(D9,'2025期功能研发汇总表'!E:S,9,FALSE) -> #N/A
D10: CISA VEX文档创建 | E10: EI | F10: ==VLOOKUP(D10,'2025期功能研发汇总表'!E:S,10,FALSE) -> V3.8.0-beat.1 | H10: ==VLOOKUP(D10,'2025期功能研发汇总表'!E:S,6,FALSE) -> 46098 | I10: ==VLOOKUP(D10,'2025期功能研发汇总表'!E:S,7,FALSE) -> 运营·深耕/产品漏洞与风险识别/VEX生命周期管理 | J10: ==VLOOKUP(D10,'2025期功能研发汇总表'!E:S,8,FALSE) -> 新增按钮 | K10: ==VLOOKUP(D10,'2025期功能研发汇总表'!E:S,9,FALSE) -> 0
D11: CISA VEX文档删除 | E11: EI | F11: ==VLOOKUP(D11,'2025期功能研发汇总表'!E:S,10,FALSE) -> V3.8.0-beat.1 | H11: ==VLOOKUP(D11,'2025期功能研发汇总表'!E:S,6,FALSE) -> 46098 | I11: ==VLOOKUP(D11,'2025期功能研发汇总表'!E:S,7,FALSE) -> 运营·深耕/产品漏洞与风险识别/VEX生命周期管理 | J11: ==VLOOKUP(D11,'2025期功能研发汇总表'!E:S,8,FALSE) -> 删除按钮 | K11: ==VLOOKUP(D11,'2025期功能研发汇总表'!E:S,9,FALSE) -> 0
D12: CISA VEX文档导入 | E12: EI | F12: ==VLOOKUP(D12,'2025期功能研发汇总表'!E:S,10,FALSE) -> V3.8.0-beat.1 | H12: ==VLOOKUP(D12,'2025期功能研发汇总表'!E:S,6,FALSE) -> 46098 | I12: ==VLOOKUP(D12,'2025期功能研发汇总表'!E:S,7,FALSE) -> 运营·深耕/产品漏洞与风险识别/VEX生命周期管理 | J12: ==VLOOKUP(D12,'2025期功能研发汇总表'!E:S,8,FALSE) -> 导入按钮 | K12: ==VLOOKUP(D12,'2025期功能研发汇总表'!E:S,9,FALSE) -> 0
D13: CISA VEX文档导出 | E13: EO | F13: ==VLOOKUP(D13,'2025期功能研发汇总表'!E:S,10,FALSE) -> V3.8.0-beat.1 | H13: ==VLOOKUP(D13,'2025期功能研发汇总表'!E:S,6,FALSE) -> 46098 | I13: ==VLOOKUP(D13,'2025期功能研发汇总表'!E:S,7,FALSE) -> 运营·深耕/产品漏洞与风险识别/VEX生命周期管理 | J13: ==VLOOKUP(D13,'2025期功能研发汇总表'!E:S,8,FALSE) -> 导出按钮 | K13: ==VLOOKUP(D13,'2025期功能研发汇总表'!E:S,9,FALSE) -> 0
D14: CISA VEX文档查看 | E14: EQ | F14: ==VLOOKUP(D14,'2025期功能研发汇总表'!E:S,10,FALSE) -> V3.8.0-beat.1 | H14: ==VLOOKUP(D14,'2025期功能研发汇总表'!E:S,6,FALSE) -> 46098 | I14: ==VLOOKUP(D14,'2025期功能研发汇总表'!E:S,7,FALSE) -> 运营·深耕/产品漏洞与风险识别/VEX生命周期管理 | J14: ==VLOOKUP(D14,'2025期功能研发汇总表'!E:S,8,FALSE) -> 查询按钮 | K14: ==VLOOKUP(D14,'2025期功能研发汇总表'!E:S,9,FALSE) -> 0
D15: CISA VEX文档编辑 | E15: EI | F15: ==VLOOKUP(D15,'2025期功能研发汇总表'!E:S,10,FALSE) -> V3.8.0-beat.1 | H15: ==VLOOKUP(D15,'2025期功能研发汇总表'!E:S,6,FALSE) -> 46098 | I15: ==VLOOKUP(D15,'2025期功能研发汇总表'!E:S,7,FALSE) -> 运营·深耕/产品漏洞与风险识别/VEX生命周期管理 | J15: ==VLOOKUP(D15,'2025期功能研发汇总表'!E:S,8,FALSE) -> 修改按钮 | K15: ==VLOOKUP(D15,'2025期功能研发汇总表'!E:S,9,FALSE) -> 0
